shape,target_classes,entities,prop_shapes,total_sub,total_eq,closure_size,total_layers,score,score_rich_linear
http://shaclshapes.org/ReligiousBuildingShape,http://dbpedia.org/ontology/ReligiousBuilding,6707,20,8,12,21,4,1064.6515862008566,140847.0
http://shaclshapes.org/WrittenWorkShape,http://dbpedia.org/ontology/WrittenWork,1299,23,32,26,59,4,973.1243497107653,76641.0
http://shaclshapes.org/AnatomicalStructureShape,http://dbpedia.org/ontology/AnatomicalStructure,1496,32,15,13,29,4,541.4942289627841,43384.0
http://shaclshapes.org/LanguageShape,http://dbpedia.org/ontology/Language,8355,36,1,4,6,3,457.0284455042159,50130.0
http://shaclshapes.org/SportsEventShape,http://dbpedia.org/ontology/SportsEvent,1639,9,33,10,44,4,445.33021455993753,72116.0
http://shaclshapes.org/ArtworkShape,http://dbpedia.org/ontology/Artwork,5177,10,2,5,8,3,431.7082348067963,41416.0
http://shaclshapes.org/AwardShape,http://dbpedia.org/ontology/Award,7322,12,3,4,8,3,427.8434293056281,58576.0
http://shaclshapes.org/PowerStationShape,http://dbpedia.org/ontology/PowerStation,6297,23,1,4,6,3,396.7681942898145,37782.0
http://shaclshapes.org/ClericShape,http://dbpedia.org/ontology/Cleric,5808,46,8,4,13,3,381.051177665153,75504.0
http://shaclshapes.org/SportsTeamShape,http://dbpedia.org/ontology/SportsTeam,2416,30,18,6,25,5,344.0697603684462,60400.0
http://shaclshapes.org/EnzymeShape,http://dbpedia.org/ontology/Enzyme,4164,17,0,4,5,2,322.64531609803356,20820.0
http://shaclshapes.org/ActorShape,http://dbpedia.org/ontology/Actor,3671,52,3,4,8,3,302.9438891940222,29368.0
http://shaclshapes.org/ComicShape,http://dbpedia.org/ontology/Comic,1696,10,4,6,11,3,288.277643947636,18656.0
http://shaclshapes.org/AustralianRulesFootballPlayerShape,http://dbpedia.org/ontology/AustralianRulesFootballPlayer,9184,30,0,2,3,2,287.4995652170625,27552.0
http://shaclshapes.org/SwimmerShape,http://dbpedia.org/ontology/Swimmer,7685,35,0,2,3,2,262.99239532731735,23055.0
http://shaclshapes.org/MuseumShape,http://dbpedia.org/ontology/Museum,7612,46,0,2,3,2,261.74032933424684,22836.0
http://shaclshapes.org/TennisPlayerShape,http://dbpedia.org/ontology/TennisPlayer,7119,38,0,2,3,2,253.1224999876542,21357.0
http://shaclshapes.org/TennisTournamentShape,http://dbpedia.org/ontology/TennisTournament,6962,17,0,2,3,2,250.31580054003786,20886.0
http://shaclshapes.org/DrugShape,http://dbpedia.org/ontology/Drug,6845,29,6,2,9,3,248.20354550247666,61605.0
http://shaclshapes.org/CriminalShape,http://dbpedia.org/ontology/Criminal,3737,44,3,3,7,4,244.5240274492468,26159.0
http://shaclshapes.org/LakeShape,http://dbpedia.org/ontology/Lake,3591,38,0,3,4,2,239.69981226525815,14364.0
http://shaclshapes.org/WeaponShape,http://dbpedia.org/ontology/Weapon,6311,29,0,2,3,2,238.32540779362995,18933.0
http://shaclshapes.org/EducationalInstitutionShape,http://dbpedia.org/ontology/EducationalInstitution,466,5,6,10,17,3,237.45736459415193,7922.0
http://shaclshapes.org/EthnicGroupShape,http://dbpedia.org/ontology/EthnicGroup,5964,48,0,2,3,2,231.68081491569387,17892.0
http://shaclshapes.org/GovernmentAgencyShape,http://dbpedia.org/ontology/GovernmentAgency,5788,30,2,2,5,3,228.23671921932282,28940.0
http://shaclshapes.org/DamShape,http://dbpedia.org/ontology/Dam,5703,53,0,2,3,2,226.5546291736278,17109.0
http://shaclshapes.org/SpeciesShape,http://dbpedia.org/ontology/Species,5628,18,26,2,29,4,225.05999200213262,163212.0
http://shaclshapes.org/PlaceShape,http://dbpedia.org/ontology/Place,5229,19,15,2,18,2,216.9354742774911,94122.0
http://shaclshapes.org/FishShape,http://dbpedia.org/ontology/Fish,5068,27,0,2,3,2,213.5696607666922,15204.0
http://shaclshapes.org/WebsiteShape,http://dbpedia.org/ontology/Website,4918,36,0,2,3,2,210.38536070744087,14754.0
http://shaclshapes.org/ShoppingMallShape,http://dbpedia.org/ontology/ShoppingMall,2708,38,0,3,4,2,208.153789300123,10832.0
http://shaclshapes.org/RacingDriverShape,http://dbpedia.org/ontology/RacingDriver,2693,38,7,3,11,3,207.57649192526594,29623.0
http://shaclshapes.org/VolleyballPlayerShape,http://dbpedia.org/ontology/VolleyballPlayer,4177,28,2,2,5,3,193.88914358467832,20885.0
http://shaclshapes.org/HandballPlayerShape,http://dbpedia.org/ontology/HandballPlayer,4110,25,0,2,3,2,192.32784509789525,12330.0
http://shaclshapes.org/AnimeShape,http://dbpedia.org/ontology/Anime,4080,14,0,2,3,2,191.62463307205573,12240.0
http://shaclshapes.org/MagazineShape,http://dbpedia.org/ontology/Magazine,4066,47,0,2,3,2,191.2955828031583,12198.0
http://shaclshapes.org/PlanetShape,http://dbpedia.org/ontology/Planet,3991,31,0,2,3,2,189.52308566504502,11973.0
http://shaclshapes.org/AirlineShape,http://dbpedia.org/ontology/Airline,3912,43,0,2,3,2,187.63794925334267,11736.0
http://shaclshapes.org/LocomotiveShape,http://dbpedia.org/ontology/Locomotive,3872,26,0,2,3,2,186.67619023324855,11616.0
http://shaclshapes.org/BankShape,http://dbpedia.org/ontology/Bank,3482,43,0,2,3,2,177.02542190318314,10446.0
http://shaclshapes.org/PublicTransitSystemShape,http://dbpedia.org/ontology/PublicTransitSystem,3337,54,2,2,5,3,173.30031736843415,16685.0
http://shaclshapes.org/MangaShape,http://dbpedia.org/ontology/Manga,3298,18,0,2,3,2,172.28464818433477,9894.0
http://shaclshapes.org/GolfPlayerShape,http://dbpedia.org/ontology/GolfPlayer,3042,32,0,2,3,2,165.46298679765212,9126.0
http://shaclshapes.org/NewspaperShape,http://dbpedia.org/ontology/Newspaper,6808,46,0,1,2,1,165.02121075789015,13616.0
http://shaclshapes.org/SkierShape,http://dbpedia.org/ontology/Skier,2995,21,0,2,3,2,164.17977951014552,8985.0
http://shaclshapes.org/SpaceMissionShape,http://dbpedia.org/ontology/SpaceMission,2870,30,0,2,3,2,160.7171428317465,8610.0
http://shaclshapes.org/ProteinShape,http://dbpedia.org/ontology/Protein,2746,18,0,2,3,2,157.20687007888682,8238.0
http://shaclshapes.org/MammalShape,http://dbpedia.org/ontology/Mammal,655,19,5,5,11,3,153.5578067048367,7205.0
http://shaclshapes.org/ParkShape,http://dbpedia.org/ontology/Park,5760,14,0,1,2,1,151.7893276880822,11520.0
http://shaclshapes.org/AnimalShape,http://dbpedia.org/ontology/Animal,5708,35,10,1,12,2,151.10261414019283,68496.0
http://shaclshapes.org/HotelShape,http://dbpedia.org/ontology/Hotel,1411,50,0,3,4,2,150.2531197679436,5644.0
http://shaclshapes.org/ReligiousShape,http://dbpedia.org/ontology/Religious,2504,50,5,2,8,3,150.11995203836165,20032.0
http://shaclshapes.org/PhilosopherShape,http://dbpedia.org/ontology/Philosopher,2408,39,0,2,3,2,147.21412975662355,7224.0
http://shaclshapes.org/LighthouseShape,http://dbpedia.org/ontology/Lighthouse,2382,12,0,2,3,2,146.41721210294915,7146.0
http://shaclshapes.org/LegislatureShape,http://dbpedia.org/ontology/Legislature,2376,20,0,2,3,2,146.2326912834473,7128.0
http://shaclshapes.org/PainterShape,http://dbpedia.org/ontology/Painter,2315,44,0,2,3,2,144.3433406846329,6945.0
http://shaclshapes.org/RailwayLineShape,http://dbpedia.org/ontology/RailwayLine,5173,30,0,1,2,1,143.8471410908121,10346.0
http://shaclshapes.org/SiteOfSpecialScientificInterestShape,http://dbpedia.org/ontology/SiteOfSpecialScientificInterest,2105,11,0,2,3,2,137.64083696345352,6315.0
http://shaclshapes.org/BridgeShape,http://dbpedia.org/ontology/Bridge,4672,37,0,1,2,1,136.7040599250805,9344.0
http://shaclshapes.org/SportsLeagueShape,http://dbpedia.org/ontology/SportsLeague,516,24,30,5,36,3,136.29380029920657,18576.0
http://shaclshapes.org/TelevisionEpisodeShape,http://dbpedia.org/ontology/TelevisionEpisode,4611,30,0,1,2,1,135.8086889709197,9222.0
http://shaclshapes.org/GameShape,http://dbpedia.org/ontology/Game,1131,17,2,3,6,3,134.5213737664019,6786.0
http://shaclshapes.org/StarShape,http://dbpedia.org/ontology/Star,4481,18,1,1,3,2,133.88054376943649,13443.0
http://shaclshapes.org/SkaterShape,http://dbpedia.org/ontology/Skater,1976,15,0,2,3,2,133.3566646253572,5928.0
http://shaclshapes.org/GolfTournamentShape,http://dbpedia.org/ontology/GolfTournament,1925,9,0,2,3,2,131.62446581088182,5775.0
http://shaclshapes.org/ModelShape,http://dbpedia.org/ontology/Model,1862,40,0,2,3,2,129.45269406234848,5586.0
http://shaclshapes.org/GalaxyShape,http://dbpedia.org/ontology/Galaxy,1841,6,0,2,3,2,128.7206277175496,5523.0
http://shaclshapes.org/YearShape,http://dbpedia.org/ontology/Year,1837,17,0,2,3,2,128.58071395042106,5511.0
http://shaclshapes.org/TrainShape,http://dbpedia.org/ontology/Train,1735,12,0,2,3,2,124.95999359795118,5205.0
http://shaclshapes.org/GovernorShape,http://dbpedia.org/ontology/Governor,1666,52,0,2,3,2,122.4499897917513,4998.0
http://shaclshapes.org/InformationApplianceShape,http://dbpedia.org/ontology/InformationAppliance,1609,21,0,2,3,2,120.33702672078948,4827.0
http://shaclshapes.org/RecordLabelShape,http://dbpedia.org/ontology/RecordLabel,3509,36,0,1,2,1,118.4736257569591,7018.0
http://shaclshapes.org/TradeUnionShape,http://dbpedia.org/ontology/TradeUnion,1532,12,0,2,3,2,117.42231474468555,4596.0
http://shaclshapes.org/MineralShape,http://dbpedia.org/ontology/Mineral,1520,14,0,2,3,2,116.96153213770756,4560.0
http://shaclshapes.org/JournalistShape,http://dbpedia.org/ontology/Journalist,1500,42,0,2,3,2,116.1895003862225,4500.0
http://shaclshapes.org/PrisonShape,http://dbpedia.org/ontology/Prison,1498,20,0,2,3,2,116.11201488218177,4494.0
http://shaclshapes.org/LibraryShape,http://dbpedia.org/ontology/Library,1492,18,0,2,3,1,115.8792474949678,4476.0
http://shaclshapes.org/ArchitectShape,http://dbpedia.org/ontology/Architect,3242,39,0,1,2,1,113.87712676389407,6484.0
http://shaclshapes.org/EconomistShape,http://dbpedia.org/ontology/Economist,1436,33,0,2,3,2,113.6837719289785,4308.0
http://shaclshapes.org/GlacierShape,http://dbpedia.org/ontology/Glacier,1430,11,0,2,3,2,113.44602240713422,4290.0
http://shaclshapes.org/BeverageShape,http://dbpedia.org/ontology/Beverage,495,24,4,4,9,3,111.24297730643494,4455.0
http://shaclshapes.org/MusicGenreShape,http://dbpedia.org/ontology/MusicGenre,1276,49,0,2,3,2,107.1634265969505,3828.0
http://shaclshapes.org/MotorcycleShape,http://dbpedia.org/ontology/Motorcycle,1215,7,0,2,3,2,104.57055034760025,3645.0
http://shaclshapes.org/MonumentShape,http://dbpedia.org/ontology/Monument,1143,8,3,2,6,3,101.4248490262618,6858.0
http://shaclshapes.org/MountainPassShape,http://dbpedia.org/ontology/MountainPass,1118,11,0,2,3,2,100.30952098380293,3354.0
http://shaclshapes.org/HolidayShape,http://dbpedia.org/ontology/Holiday,1110,28,0,2,3,2,99.94998749374611,3330.0
http://shaclshapes.org/CyclingRaceShape,http://dbpedia.org/ontology/CyclingRace,1073,13,0,2,3,2,98.2700361249552,3219.0
http://shaclshapes.org/MusicFestivalShape,http://dbpedia.org/ontology/MusicFestival,379,21,2,4,7,3,97.33961166965892,2653.0
http://shaclshapes.org/JudgeShape,http://dbpedia.org/ontology/Judge,1047,25,0,2,3,2,97.07213812418063,3141.0
http://shaclshapes.org/FungusShape,http://dbpedia.org/ontology/Fungus,9219,21,0,0,1,0,96.01562372864116,9219.0
http://shaclshapes.org/RailwayStationShape,http://dbpedia.org/ontology/RailwayStation,2212,36,0,1,2,1,94.06380813043877,4424.0
http://shaclshapes.org/SoccerTournamentShape,http://dbpedia.org/ontology/SoccerTournament,8829,9,0,0,1,0,93.96275858019496,8829.0
http://shaclshapes.org/MilitaryServiceShape,http://dbpedia.org/ontology/MilitaryService,8824,6,0,0,1,0,93.93614852653903,8824.0
http://shaclshapes.org/EngineShape,http://dbpedia.org/ontology/Engine,8780,26,2,0,3,1,93.70165420097983,26340.0
http://shaclshapes.org/EukaryoteShape,http://dbpedia.org/ontology/Eukaryote,937,20,23,2,26,3,91.8313671900838,24362.0
http://shaclshapes.org/RestaurantShape,http://dbpedia.org/ontology/Restaurant,936,32,0,2,3,1,91.78235124467014,2808.0
http://shaclshapes.org/CollegeCoachShape,http://dbpedia.org/ontology/CollegeCoach,8256,31,0,0,1,0,90.86253353280438,8256.0
http://shaclshapes.org/SoundShape,http://dbpedia.org/ontology/Sound,7965,5,0,0,1,0,89.2468486838611,7965.0
http://shaclshapes.org/CastleShape,http://dbpedia.org/ontology/Castle,1973,23,0,1,2,1,88.83692925805124,3946.0
http://shaclshapes.org/AcademicJournalShape,http://dbpedia.org/ontology/AcademicJournal,7397,30,0,0,1,0,86.00581375697809,7397.0
http://shaclshapes.org/ProgrammingLanguageShape,http://dbpedia.org/ontology/ProgrammingLanguage,802,27,0,2,3,2,84.95881355103778,2406.0
http://shaclshapes.org/EntomologistShape,http://dbpedia.org/ontology/Entomologist,447,26,0,3,4,2,84.5694980474639,1788.0
http://shaclshapes.org/HistoricBuildingShape,http://dbpedia.org/ontology/HistoricBuilding,6976,23,0,0,1,0,83.5224520712844,6976.0
http://shaclshapes.org/FashionDesignerShape,http://dbpedia.org/ontology/FashionDesigner,766,39,0,2,3,2,83.03011501858828,2298.0
http://shaclshapes.org/FormerMunicipalityShape,http://dbpedia.org/ontology/FormerMunicipality,742,31,0,2,3,2,81.71903083125741,2226.0
http://shaclshapes.org/EngineerShape,http://dbpedia.org/ontology/Engineer,741,32,0,2,3,2,81.6639455328972,2223.0
http://shaclshapes.org/AdultActorShape,http://dbpedia.org/ontology/AdultActor,731,19,0,2,3,2,81.11103500757466,2193.0
http://shaclshapes.org/NobleShape,http://dbpedia.org/ontology/Noble,6474,52,0,0,1,0,80.46117075956576,6474.0
http://shaclshapes.org/MusicalShape,http://dbpedia.org/ontology/Musical,712,14,0,2,3,2,80.049984384758,2136.0
http://shaclshapes.org/PlayShape,http://dbpedia.org/ontology/Play,1582,23,0,1,2,1,79.54872720540537,3164.0
http://shaclshapes.org/TheatreShape,http://dbpedia.org/ontology/Theatre,694,38,0,2,3,2,79.03163923391695,2082.0
http://shaclshapes.org/VolcanoShape,http://dbpedia.org/ontology/Volcano,686,28,0,2,3,2,78.57480512225277,2058.0
http://shaclshapes.org/ChristianBishopShape,http://dbpedia.org/ontology/ChristianBishop,6004,44,1,0,2,1,77.48548251124207,12008.0
http://shaclshapes.org/TableTennisPlayerShape,http://dbpedia.org/ontology/TableTennisPlayer,658,16,0,2,3,2,76.95453203028396,1974.0
http://shaclshapes.org/FilmFestivalShape,http://dbpedia.org/ontology/FilmFestival,628,18,0,2,3,2,75.17978451685,1884.0
http://shaclshapes.org/SportShape,http://dbpedia.org/ontology/Sport,348,19,2,3,6,3,74.61903242471053,2088.0
http://shaclshapes.org/MilitaryStructureShape,http://dbpedia.org/ontology/MilitaryStructure,5535,15,1,0,2,1,74.39758060582346,11070.0
http://shaclshapes.org/ScreenWriterShape,http://dbpedia.org/ontology/ScreenWriter,610,36,0,2,3,2,74.09453421137081,1830.0
http://shaclshapes.org/SkiAreaShape,http://dbpedia.org/ontology/SkiArea,607,15,1,2,4,3,73.91210996852952,2428.0
http://shaclshapes.org/BaseballLeagueShape,http://dbpedia.org/ontology/BaseballLeague,304,14,0,3,4,2,69.74238309665078,1216.0
http://shaclshapes.org/HospitalShape,http://dbpedia.org/ontology/Hospital,4750,34,0,0,1,0,68.92024376045111,4750.0
http://shaclshapes.org/ArtistDiscographyShape,http://dbpedia.org/ontology/ArtistDiscography,4743,14,0,0,1,0,68.86944169949398,4743.0
http://shaclshapes.org/CanalShape,http://dbpedia.org/ontology/Canal,518,13,0,2,3,2,68.27884006044626,1554.0
http://shaclshapes.org/LawFirmShape,http://dbpedia.org/ontology/LawFirm,513,21,0,2,3,2,67.94850991743675,1539.0
http://shaclshapes.org/RadioProgramShape,http://dbpedia.org/ontology/RadioProgram,1089,18,0,1,2,1,66.0,2178.0
http://shaclshapes.org/OutbreakShape,http://dbpedia.org/ontology/Outbreak,478,15,0,2,3,2,65.58963332722634,1434.0
http://shaclshapes.org/BoxerShape,http://dbpedia.org/ontology/Boxer,4292,26,1,0,2,1,65.5133574166368,8584.0
http://shaclshapes.org/BroadcastNetworkShape,http://dbpedia.org/ontology/BroadcastNetwork,1059,42,0,1,2,1,65.08456038109192,2118.0
http://shaclshapes.org/FootballMatchShape,http://dbpedia.org/ontology/FootballMatch,4234,16,0,0,1,0,65.06919393998976,4234.0
http://shaclshapes.org/MartialArtistShape,http://dbpedia.org/ontology/MartialArtist,4040,31,0,0,1,0,63.56099432828282,4040.0
http://shaclshapes.org/PhotographerShape,http://dbpedia.org/ontology/Photographer,427,37,0,2,3,2,61.99193495931547,1281.0
http://shaclshapes.org/WorldHeritageSiteShape,http://dbpedia.org/ontology/WorldHeritageSite,943,22,0,1,2,1,61.41661013113635,1886.0
http://shaclshapes.org/DioceseShape,http://dbpedia.org/ontology/Diocese,3615,14,0,0,1,0,60.124870062229654,3615.0
http://shaclshapes.org/FigureSkaterShape,http://dbpedia.org/ontology/FigureSkater,3558,18,0,0,1,0,59.648973168026956,3558.0
http://shaclshapes.org/NationalFootballLeagueSeasonShape,http://dbpedia.org/ontology/NationalFootballLeagueSeason,3557,7,0,0,1,0,59.64059020499378,3557.0
http://shaclshapes.org/MemberOfParliamentShape,http://dbpedia.org/ontology/MemberOfParliament,856,50,0,1,2,1,58.51495535331117,1712.0
http://shaclshapes.org/PriestShape,http://dbpedia.org/ontology/Priest,380,31,0,2,3,2,58.48076606885378,1140.0
http://shaclshapes.org/SolarEclipseShape,http://dbpedia.org/ontology/SolarEclipse,370,2,0,2,3,2,57.706152185014034,1110.0
http://shaclshapes.org/TopLevelDomainShape,http://dbpedia.org/ontology/TopLevelDomain,361,15,0,2,3,2,57.0,1083.0
http://shaclshapes.org/ConventionShape,http://dbpedia.org/ontology/Convention,3128,17,0,0,1,0,55.92852581643825,3128.0
http://shaclshapes.org/ArteryShape,http://dbpedia.org/ontology/Artery,328,11,0,2,3,2,54.332310828824504,984.0
http://shaclshapes.org/NerveShape,http://dbpedia.org/ontology/Nerve,319,9,0,2,3,2,53.58171329847525,957.0
http://shaclshapes.org/BacteriaShape,http://dbpedia.org/ontology/Bacteria,2833,18,0,0,1,0,53.225933528685054,2833.0
http://shaclshapes.org/ComicsCreatorShape,http://dbpedia.org/ontology/ComicsCreator,2827,13,0,0,1,0,53.16954015223378,2827.0
http://shaclshapes.org/RacecourseShape,http://dbpedia.org/ontology/Racecourse,313,10,0,2,3,2,53.075418038862395,939.0
http://shaclshapes.org/CrustaceanShape,http://dbpedia.org/ontology/Crustacean,2801,22,0,0,1,0,52.92447448959697,2801.0
http://shaclshapes.org/GardenShape,http://dbpedia.org/ontology/Garden,311,5,0,2,3,2,52.905576265645195,933.0
http://shaclshapes.org/WrestlerShape,http://dbpedia.org/ontology/Wrestler,2799,31,1,0,2,1,52.905576265645195,5598.0
http://shaclshapes.org/ArachnidShape,http://dbpedia.org/ontology/Arachnid,2791,19,0,0,1,0,52.82991576748916,2791.0
http://shaclshapes.org/HorseShape,http://dbpedia.org/ontology/Horse,2769,20,0,0,1,0,52.62128846769148,2769.0
http://shaclshapes.org/HorseRaceShape,http://dbpedia.org/ontology/HorseRace,2736,7,0,0,1,0,52.306787322488084,2736.0
http://shaclshapes.org/AmbassadorShape,http://dbpedia.org/ontology/Ambassador,302,46,0,2,3,2,52.1344415909483,906.0
http://shaclshapes.org/SquashPlayerShape,http://dbpedia.org/ontology/SquashPlayer,675,15,0,1,2,1,51.96152422706632,1350.0
http://shaclshapes.org/SupremeCourtOfTheUnitedStatesCaseShape,http://dbpedia.org/ontology/SupremeCourtOfTheUnitedStatesCase,2689,9,0,0,1,0,51.85556864985669,2689.0
http://shaclshapes.org/BeautyQueenShape,http://dbpedia.org/ontology/BeautyQueen,2592,35,0,0,1,0,50.91168824543142,2592.0
http://shaclshapes.org/GaelicGamesPlayerShape,http://dbpedia.org/ontology/GaelicGamesPlayer,2569,18,0,0,1,0,50.68530358989675,2569.0
http://shaclshapes.org/GymnastShape,http://dbpedia.org/ontology/Gymnast,2517,29,0,0,1,0,50.16971197844373,2517.0
http://shaclshapes.org/CongressmanShape,http://dbpedia.org/ontology/Congressman,2503,48,0,0,1,0,50.02999100539596,2503.0
http://shaclshapes.org/BadmintonPlayerShape,http://dbpedia.org/ontology/BadmintonPlayer,2468,18,0,0,1,0,49.678969393496885,2468.0
http://shaclshapes.org/ChessPlayerShape,http://dbpedia.org/ontology/ChessPlayer,2431,22,0,0,1,0,49.3051721424842,2431.0
http://shaclshapes.org/HockeyTeamShape,http://dbpedia.org/ontology/HockeyTeam,2431,19,0,0,1,0,49.3051721424842,2431.0
http://shaclshapes.org/AstronautShape,http://dbpedia.org/ontology/Astronaut,603,21,0,1,2,1,49.1121166312347,1206.0
http://shaclshapes.org/RugbyClubShape,http://dbpedia.org/ontology/RugbyClub,2269,17,0,0,1,0,47.634021455258214,2269.0
http://shaclshapes.org/CultivatedVarietyShape,http://dbpedia.org/ontology/CultivatedVariety,553,15,0,1,2,1,47.031904065219386,1106.0
http://shaclshapes.org/MythologicalFigureShape,http://dbpedia.org/ontology/MythologicalFigure,543,13,0,1,2,1,46.604720790924176,1086.0
http://shaclshapes.org/BasketballTeamShape,http://dbpedia.org/ontology/BasketballTeam,2153,36,0,0,1,0,46.400431032480725,2153.0
http://shaclshapes.org/SoccerLeagueShape,http://dbpedia.org/ontology/SoccerLeague,2059,18,0,0,1,0,45.37620521815371,2059.0
http://shaclshapes.org/ComicsCharacterShape,http://dbpedia.org/ontology/ComicsCharacter,1945,33,1,0,2,1,44.10215414239989,3890.0
http://shaclshapes.org/PublisherShape,http://dbpedia.org/ontology/Publisher,1945,24,0,0,1,0,44.10215414239989,1945.0
http://shaclshapes.org/SoapCharacterShape,http://dbpedia.org/ontology/SoapCharacter,1912,28,0,0,1,0,43.726422218150894,1912.0
http://shaclshapes.org/CurlerShape,http://dbpedia.org/ontology/Curler,1876,19,0,0,1,0,43.31281565541543,1876.0
http://shaclshapes.org/GrandPrixShape,http://dbpedia.org/ontology/GrandPrix,1596,27,0,0,1,0,39.949968710876355,1596.0
http://shaclshapes.org/BusCompanyShape,http://dbpedia.org/ontology/BusCompany,1565,45,0,0,1,0,39.56008088970496,1565.0
http://shaclshapes.org/OlympicEventShape,http://dbpedia.org/ontology/OlympicEvent,1540,11,0,0,1,0,39.242833740697165,1540.0
http://shaclshapes.org/HistoricalEventShape,http://dbpedia.org/ontology/HistoricalEvent,1457,4,0,0,1,0,38.17066936798463,1457.0
http://shaclshapes.org/RoadTunnelShape,http://dbpedia.org/ontology/RoadTunnel,359,36,0,1,2,1,37.89459064299283,718.0
http://shaclshapes.org/MixedMartialArtsEventShape,http://dbpedia.org/ontology/MixedMartialArtsEvent,1408,10,0,0,1,0,37.52332607858744,1408.0
http://shaclshapes.org/RadioHostShape,http://dbpedia.org/ontology/RadioHost,342,14,0,1,2,1,36.98648401781386,684.0
http://shaclshapes.org/CardinalShape,http://dbpedia.org/ontology/Cardinal,1334,24,0,0,1,0,36.52396473549935,1334.0
http://shaclshapes.org/ComedianShape,http://dbpedia.org/ontology/Comedian,1326,32,0,0,1,0,36.41428291206625,1326.0
http://shaclshapes.org/MotorcycleRiderShape,http://dbpedia.org/ontology/MotorcycleRider,1166,19,2,0,3,1,34.14674215792775,3498.0
http://shaclshapes.org/MedicianShape,http://dbpedia.org/ontology/Medician,1136,22,0,0,1,0,33.704599092705436,1136.0
http://shaclshapes.org/NascarDriverShape,http://dbpedia.org/ontology/NascarDriver,1046,13,0,0,1,0,32.341923257592455,1046.0
http://shaclshapes.org/WomensTennisAssociationTournamentShape,http://dbpedia.org/ontology/WomensTennisAssociationTournament,965,5,0,0,1,0,31.064449134018133,965.0
http://shaclshapes.org/EarthquakeShape,http://dbpedia.org/ontology/Earthquake,955,12,0,0,1,0,30.903074280724887,955.0
http://shaclshapes.org/TelevisionSeasonShape,http://dbpedia.org/ontology/TelevisionSeason,923,10,0,0,1,0,30.380915061926625,923.0
http://shaclshapes.org/HistorianShape,http://dbpedia.org/ontology/Historian,863,37,0,0,1,0,29.376861643136763,863.0
http://shaclshapes.org/CricketTeamShape,http://dbpedia.org/ontology/CricketTeam,814,16,0,0,1,0,28.53068523537421,814.0
http://shaclshapes.org/EurovisionSongContestEntryShape,http://dbpedia.org/ontology/EurovisionSongContestEntry,775,21,0,0,1,0,27.83882181415011,775.0
http://shaclshapes.org/ArchbishopShape,http://dbpedia.org/ontology/Archbishop,748,28,0,0,1,0,27.349588662354687,748.0
http://shaclshapes.org/ChefShape,http://dbpedia.org/ontology/Chef,705,23,0,0,1,0,26.551836094703507,705.0
http://shaclshapes.org/FormulaOneRacerShape,http://dbpedia.org/ontology/FormulaOneRacer,705,37,0,0,1,0,26.551836094703507,705.0
http://shaclshapes.org/BusinessPersonShape,http://dbpedia.org/ontology/BusinessPerson,689,43,0,0,1,0,26.248809496813376,689.0
http://shaclshapes.org/DartsPlayerShape,http://dbpedia.org/ontology/DartsPlayer,668,11,0,0,1,0,25.84569596664017,668.0
http://shaclshapes.org/AustralianFootballTeamShape,http://dbpedia.org/ontology/AustralianFootballTeam,655,11,0,0,1,0,25.592967784139454,655.0
http://shaclshapes.org/RugbyLeagueShape,http://dbpedia.org/ontology/RugbyLeague,651,13,0,0,1,0,25.514701644346147,651.0
http://shaclshapes.org/SpeedwayRiderShape,http://dbpedia.org/ontology/SpeedwayRider,628,13,0,0,1,0,25.059928172283335,628.0
http://shaclshapes.org/PokerPlayerShape,http://dbpedia.org/ontology/PokerPlayer,623,27,0,0,1,0,24.95996794869737,623.0
http://shaclshapes.org/JockeyShape,http://dbpedia.org/ontology/Jockey,622,16,0,0,1,0,24.939927826679853,622.0
http://shaclshapes.org/CaveShape,http://dbpedia.org/ontology/Cave,615,11,0,0,1,0,24.79919353527449,615.0
http://shaclshapes.org/CyclingTeamShape,http://dbpedia.org/ontology/CyclingTeam,612,12,0,0,1,0,24.73863375370596,612.0
http://shaclshapes.org/WrestlingEventShape,http://dbpedia.org/ontology/WrestlingEvent,602,12,0,0,1,0,24.535688292770594,602.0
http://shaclshapes.org/ColourShape,http://dbpedia.org/ontology/Colour,544,31,0,0,1,0,23.323807579381203,544.0
http://shaclshapes.org/SumoWrestlerShape,http://dbpedia.org/ontology/SumoWrestler,525,17,0,0,1,0,22.9128784747792,525.0
http://shaclshapes.org/BrainShape,http://dbpedia.org/ontology/Brain,519,11,0,0,1,0,22.781571499789035,519.0
http://shaclshapes.org/AmateurBoxerShape,http://dbpedia.org/ontology/AmateurBoxer,479,13,0,0,1,0,21.88606862823929,479.0
http://shaclshapes.org/CanoeistShape,http://dbpedia.org/ontology/Canoeist,471,16,0,0,1,0,21.702534414210707,471.0
http://shaclshapes.org/AsteroidShape,http://dbpedia.org/ontology/Asteroid,458,2,0,0,1,0,21.400934559032695,458.0
http://shaclshapes.org/SenatorShape,http://dbpedia.org/ontology/Senator,457,48,0,0,1,0,21.37755832643195,457.0
http://shaclshapes.org/WineRegionShape,http://dbpedia.org/ontology/WineRegion,453,24,0,0,1,0,21.283796653792763,453.0
http://shaclshapes.org/NetballPlayerShape,http://dbpedia.org/ontology/NetballPlayer,428,12,0,0,1,0,20.688160865577203,428.0
http://shaclshapes.org/AmusementParkAttractionShape,http://dbpedia.org/ontology/AmusementParkAttraction,422,10,2,0,3,1,20.54263858417414,1266.0
http://shaclshapes.org/SnookerPlayerShape,http://dbpedia.org/ontology/SnookerPlayer,417,21,1,0,2,1,20.42057785666214,834.0
http://shaclshapes.org/CombinationDrugShape,http://dbpedia.org/ontology/CombinationDrug,417,20,0,0,1,0,20.42057785666214,417.0
http://shaclshapes.org/VoiceActorShape,http://dbpedia.org/ontology/VoiceActor,417,31,0,0,1,0,20.42057785666214,417.0
http://shaclshapes.org/CurrencyShape,http://dbpedia.org/ontology/Currency,403,7,0,0,1,0,20.074859899884732,403.0
http://shaclshapes.org/ReptileShape,http://dbpedia.org/ontology/Reptile,401,13,0,0,1,0,20.024984394500787,401.0
http://shaclshapes.org/HandballTeamShape,http://dbpedia.org/ontology/HandballTeam,393,9,0,0,1,0,19.82422760159901,393.0
http://shaclshapes.org/PopeShape,http://dbpedia.org/ontology/Pope,386,24,0,0,1,0,19.6468827043885,386.0
http://shaclshapes.org/MonoclonalAntibodyShape,http://dbpedia.org/ontology/MonoclonalAntibody,383,18,0,0,1,0,19.570385790780925,383.0
http://shaclshapes.org/BiologicalDatabaseShape,http://dbpedia.org/ontology/BiologicalDatabase,382,7,0,0,1,0,19.544820285692065,382.0
http://shaclshapes.org/BasketballLeagueShape,http://dbpedia.org/ontology/BasketballLeague,381,15,0,0,1,0,19.519221295943137,381.0
http://shaclshapes.org/ClassicalMusicCompositionShape,http://dbpedia.org/ontology/ClassicalMusicComposition,379,6,0,0,1,0,19.467922333931785,379.0
http://shaclshapes.org/SurnameShape,http://dbpedia.org/ontology/Surname,368,29,0,0,1,0,19.183326093250876,368.0
http://shaclshapes.org/GrapeShape,http://dbpedia.org/ontology/Grape,366,25,0,0,1,0,19.131126469708992,366.0
http://shaclshapes.org/LacrossePlayerShape,http://dbpedia.org/ontology/LacrossePlayer,365,11,0,0,1,0,19.1049731745428,365.0
http://shaclshapes.org/RollerCoasterShape,http://dbpedia.org/ontology/RollerCoaster,357,8,0,0,1,0,18.894443627691185,357.0
http://shaclshapes.org/FashionShape,http://dbpedia.org/ontology/Fashion,350,5,0,0,1,0,18.708286933869708,350.0
http://shaclshapes.org/WineryShape,http://dbpedia.org/ontology/Winery,350,17,0,0,1,0,18.708286933869708,350.0
http://shaclshapes.org/GolfCourseShape,http://dbpedia.org/ontology/GolfCourse,349,3,0,0,1,0,18.681541692269406,349.0
http://shaclshapes.org/BreweryShape,http://dbpedia.org/ontology/Brewery,342,10,0,0,1,0,18.49324200890693,342.0
http://shaclshapes.org/HollywoodCartoonShape,http://dbpedia.org/ontology/HollywoodCartoon,327,8,0,0,1,0,18.083141320025124,327.0
http://shaclshapes.org/BoneShape,http://dbpedia.org/ontology/Bone,322,6,0,0,1,0,17.944358444926362,322.0
