class,total_sub,total_eq,inst_proxy_cap10k,total_layers,closure_size,score_rich,score_layers,status,error
http://dbpedia.org/ontology/AcademicConference,0,0,149,0,1,149,0,ok,
http://dbpedia.org/ontology/AcademicJournal,0,0,9951,0,1,9951,0,ok,
http://dbpedia.org/ontology/Activity,7,0,10000,2,8,80000,2,ok,
http://dbpedia.org/ontology/Actor,2,0,5546,1,3,16638,1,ok,
http://dbpedia.org/ontology/AdministrativeRegion,22,0,10000,3,23,230000,3,ok,
http://dbpedia.org/ontology/AdultActor,0,0,679,0,1,679,0,ok,
http://dbpedia.org/ontology/Aircraft,1,0,10000,1,2,20000,1,ok,
http://dbpedia.org/ontology/Airline,0,0,4882,0,1,4882,0,ok,
http://dbpedia.org/ontology/Airport,0,0,10000,0,1,10000,0,ok,
http://dbpedia.org/ontology/Album,0,0,10000,0,1,10000,0,ok,
http://dbpedia.org/ontology/AmateurBoxer,0,0,623,0,1,623,0,ok,
http://dbpedia.org/ontology/Ambassador,0,0,175,0,1,175,0,ok,
http://dbpedia.org/ontology/AmericanFootballCoach,0,0,12,0,1,12,0,ok,
http://dbpedia.org/ontology/AmericanFootballLeague,0,0,164,0,1,164,0,ok,
http://dbpedia.org/ontology/AmericanFootballPlayer,0,0,10000,0,1,10000,0,ok,
http://dbpedia.org/ontology/AmericanFootballTeam,0,0,41,0,1,41,0,ok,
http://dbpedia.org/ontology/Amphibian,0,0,110,0,1,110,0,ok,
http://dbpedia.org/ontology/AmusementParkAttraction,2,0,1781,1,3,5343,1,ok,
http://dbpedia.org/ontology/AnatomicalStructure,10,0,4385,1,11,48235,1,ok,
http://dbpedia.org/ontology/Animal,0,0,0,0,1,0,0,error,414 Client Error: Request-URI Too Large for url: https://dbpedia.org/sparql?query=%0A++++SELECT+DISTINCT+%3Fs+WHERE+%7B%0A++++++VALUES+%3Fc+%7B+%3Chttp%3A%2F%2Fdbpedia.org%2Fontology%2FHighDiver%3E+%3Chttp%3A%2F%2Fdbpedia.org%2Fontology%2FOrganisationMember%3E+%3Chttp%3A%2F%2Fdbpedia.org%2Fontology%2FGolfPlayer%3E+%3Chttp%3A%2F%2Fdbpedia.org%2Fontology%2FScientist%3E+%3Chttp%3A%2F%2Fdbpedia.org%2Fontology%2FComedian%3E+%3Chttp%3A%2F%2Fdbpedia.org%2Fontology%2FLinguist%3E+%3Chttp%3A%2F%2Fdbpedia.org%2Fontology%2FAthlete%3E+%3Chttp%3A%2F%2Fdbpedia.org%2Fontology%2FVoiceActor%3E+%3Chttp%3A%2F%2Fdbpedia.org%2Fontology%2FCricketer%3E+%3Chttp%3A%2F%2Fdbpedia.org%2Fontology%2FVicar%3E+%3Chttp%3A%2F%2Fdbpedia.org%2Fontology%2FFish%3E+%3Chttp%3A%2F%2Fdbpedia.org%2Fontology%2FFencer%3E+%3Chttp%3A%2F%2Fdbpedia.org%2Fontology%2FEconomist%3E+%3Chttp%3A%2F%2Fdbpedia.org%2Fontology%2FHorse%3E+%3Chttp%3A%2F%2Fdbpedia.org%2Fontology%2FRower%3E+%3Chttp%3A%2F%2Fdbpedia.org%2Fontology%2FMilitaryPerson%3E+%3Chttp%3A%2F%2Fdbpedia.org%2Fontology%2FVicePresident%3E+%3Chttp%3A%2F%2Fdbpedia.org%2Fontology%2FChessPlayer%3E+%3Chttp%3A%2F%2Fdbpedia.org%2Fontology%2FHandballPlayer%3E+%3Chttp%3A%2F%2Fdbpedia.org%2Fontology%2FBaseballPlayer%3E+%3Chttp%3A%2F%2Fdbpedia.org%2Fontology%2FPainter%3E+%3Chttp%3A%2F%2Fdbpedia.org%2Fontology%2FCleric%3E+%3Chttp%3A%2F%2Fdbpedia.org%2Fontology%2FLatterDaySaint%3E+%3Chttp%3A%2F%2Fdbpedia.org%2Fontology%2FCoach%3E+%3Chttp%3A%2F%2Fdbpedia.org%2Fontology%2FAmateurBoxer%3E+%3Chttp%3A%2F%2Fdbpedia.org%2Fontology%2FComicsCreator%3E+%3Chttp%3A%2F%2Fdbpedia.org%2Fontology%2FPhilosopher%3E+%3Chttp%3A%2F%2Fdbpedia.org%2Fontology%2FCrossCountrySkier%3E+%3Chttp%3A%2F%2Fdbpedia.org%2Fontology%2FDartsPlayer%3E+%3Chttp%3A%2F%2Fdbpedia.org%2Fontology%2FSportsTeamMember%3E+%3Chttp%3A%2F%2Fdbpedia.org%2Fontology%2FMollusca%3E+%3Chttp%3A%2F%2Fdbpedia.org%2Fontology%2FTheatreDirector%3E+%3Chttp%3A%2F%2Fdbpedia.org%2Fontology%2FAustralianRulesFootballPlayer%3E+%3Chttp%3A%2F%2Fdbpedia.org%2Fontology%2FSumoWrestler%3E+%3Chttp%3A%2F%2Fdbpedia.org%2Fontology%2FPsychologist%3E+%3Chttp%3A%2F%2Fdbpedia.org%2Fontology%2FBasketballPlayer%3E+%3Chttp%3A%2F%2Fdbpedia.org%2Fontology%2FScreenWriter%3E+%3Chttp%3A%2F%2Fdbpedia.org%2Fontology%2FPlayWright%3E+%3Chttp%3A%2F%2Fdbpedia.org%2Fontology%2FSnookerChamp%3E+%3Chttp%3A%2F%2Fdbpedia.org%2Fontology%2FCriminal%3E+%3Chttp%3A%2F%2Fdbpedia.org%2Fontology%2FVolleyballCoach%3E+%3Chttp%3A%2F%2Fdbpedia.org%2Fontology%2FAnimal%3E+%3Chttp%3A%2F%2Fdbpedia.org%2Fontology%2FChristianPatriarch%3E+%3Chttp%3A%2F%2Fdbpedia.org%2Fontology%2FMotocycleRacer%3E+%3Chttp%3A%2F%2Fdbpedia.org%2Fontology%2FSailor%3E+%3Chttp%3A%2F%2Fdbpedia.org%2Fontology%2FSnookerPlayer%3E+%3Chttp%3A%2F%2Fdbpedia.org%2Fontology%2FAstronaut%3E+%3Chttp%3A%2F%2Fdbpedia.org%2Fontology%2FSurfer%3E+%3Chttp%3A%2F%2Fdbpedia.org%2Fontology%2FMusicComposer%3E+%3Chttp%3A%2F%2Fdbpedia.org%2Fontology%2FPlayboyPlaymate%3E+%3Chttp%3A%2F%2Fdbpedia.org%2Fontology%2FPretender%3E+%3Chttp%3A%2F%2Fdbpedia.org%2Fontology%2FSerialKiller%3E+%3Chttp%3A%2F%2Fdbpedia.org%2Fontology%2FJournalist%3E+%3Chttp%3A%2F%2Fdbpedia.org%2Fontology%2FPriest%3E+%3Chttp%3A%2F%2Fdbpedia.org%2Fontology%2FAmericanFootballCoach%3E+%3Chttp%3A%2F%2Fdbpedia.org%2Fontology%2FPerson%3E+%3Chttp%3A%2F%2Fdbpedia.org%2Fontology%2FCardinal%3E+%3Chttp%3A%2F%2Fdbpedia.org%2Fontology%2FTelevisionHost%3E+%3Chttp%3A%2F%2Fdbpedia.org%2Fontology%2FJudge%3E+%3Chttp%3A%2F%2Fdbpedia.org%2Fontology%2FJockey%3E+%3Chttp%3A%2F%2Fdbpedia.org%2Fontology%2FGymnast%3E+%3Chttp%3A%2F%2Fdbpedia.org%2Fontology%2FClassicalMusicArtist%3E+%3Chttp%3A%2F%2Fdbpedia.org%2Fontology%2FNetballPlayer%3E+%3Chttp%3A%2F%2Fdbpedia.org%2Fontology%2FPoet%3E+%3Chttp%3A%2F%2Fdbpedia.org%2Fontology%2FSkier%3E+%3Chttp%3A%2F%2Fdbpedia.org%2Fontology%2FAristocrat%3E+%3Chttp%3A%2F%2Fdbpedia.org%2Fontology%2FSculptor%3E+%3Chttp%3A%2F%2Fdbpedia.org%2Fontology%2FPolitician%3E+%3Chttp%3A%2F%2Fdbpedia.org%2Fontology%2FBiologist%3E+%3Chttp%3A%2F%2Fdbpedia.org%2Fontology%2FBritishRoyalty%3E+%3Chttp%3A%2F%2Fdbpedia.org%2Fontology%2FSoccerManager%3E+%3Chttp%3A%2F%2Fdbpedia.org%2Fontology%2FBiathlete%3E+%3Chttp%3A%2F%2Fdbpedia.org%2Fontology%2FArcheologist%3E+%3Chttp%3A%2F%2Fdbpedia.org%2Fontology%2FMemberOfParliament%3E+%3Chttp%3A%2F%2Fdbpedia.org%2Fontology%2FInsect%3E+%3Chttp%3A%2F%2Fdbpedia.org%2Fontology%2FBird%3E+%3Chttp%3A%2F%2Fdbpedia.org%2Fontology%2FEntomologist%3E+%3Chttp%3A%2F%2Fdbpedia.org%2Fontology%2FMinister%3E+%3Chttp%3A%2F%2Fdbpedia.org%2Fontology%2FMammal%3E+%3Chttp%3A%2F%2Fdbpedia.org%2Fontology%2FRadioHost%3E+%3Chttp%3A%2F%2Fdbpedia.org%2Fontology%2FBullFighter%3E+%3Chttp%3A%2F%2Fdbpedia.org%2Fontology%2FDBpedian%3E+%3Chttp%3A%2F%2Fdbpedia.org%2Fontology%2FWrestler%3E+%3Chttp%3A%2F%2Fdbpedia.org%2Fontology%2FSinger%3E+%3Chttp%3A%2F%2Fdbpedia.org%2Fontology%2FAdultActor%3E+%3Chttp%3A%2F%2Fdbpedia.org%2Fontology%2FBeachVolleyballPlayer%3E+%3Chttp%3A%2F%2Fdbpedia.org%2Fontology%2FProducer%3E+%3Chttp%3A%2F%2Fdbpedia.org%2Fontology%2FVolleyballPlayer%3E+%3Chttp%3A%2F%2Fdbpedia.org%2Fontology%2FRugbyPlayer%3E+%3Chttp%3A%2F%2Fdbpedia.org%2Fontology%2FWaterPoloPlayer%3E+%3Chttp%3A%2F%2Fdbpedia.org%2Fontology%2FTeamMember%3E+%3Chttp%3A%2F%2Fdbpedia.org%2Fontology%2FMan%3E+%3Chttp%3A%2F%2Fdbpedia.org%2Fontology%2FMemberResistanceMovement%3E+%3Chttp%3A%2F%2Fdbpedia.org%2Fontology%2FArchbishop%3E+%3Chttp%3A%2F%2Fdbpedia.org%2Fontology%2FDTMRacer%3E+%3Chttp%3A%2F%2Fdbpedia.org%2Fontology%2FEngineer%3E+%3Chttp%3A%2F%2Fdbpedia.org%2Fontology%2FFigureSkater%3E+%3Chttp%3A%2F%2Fdbpedia.org%2Fontology%2FCat%3E+%3Chttp%3A%2F%2Fdbpedia.org%2Fontology%2FAcademic%3E+%3Chttp%3A%2F%2Fdbpedia.org%2Fontology%2FChef%3E+%3Chttp%3A%2F%2Fdbpedia.org%2Fontology%2FTennisPlayer%3E+%3Chttp%3A%2F%2Fdbpedia.org%2Fontology%2FNationalCollegiateAthleticAssociationAthlete%3E+%3Chttp%3A%2F%2Fdbpedia.org%2Fontology%2FAmphibian%3E+%3Chttp%3A%2F%2Fdbpedia.org%2Fontology%2FWinterSportPlayer%3E+%3Chttp%3A%2F%2Fdbpedia.org%2Fontology%2FBaronet%3E+%3Chttp%3A%2F%2Fdbpedia.org%2Fontology%2FCrustacean%3E+%3Chttp%3A%2F%2Fdbpedia.org%2Fontology%2FCurler%3E+%3Chttp%3A%2F%2Fdbpedia.org%2Fontology%2FMotorsportRacer%3E+%3Chttp%3A%2F%2Fdbpedia.org%2Fontology%2FCollegeCoach%3E+%3Chttp%3A%2F%2Fdbpedia.org%2Fontology%2FReligious%3E+%3Chttp%3A%2F%2Fdbpedia.org%2Fontology%2FBeautyQueen%3E+%3Chttp%3A%2F%2Fdbpedia.org%2Fontology%2FFashionDesigner%3E+%3Chttp%3A%2F%2Fdbpedia.org%2Fontology%2FFormulaOneRacer%3E+%3Chttp%3A%2F%2Fdbpedia.org%2Fontology%2FYoutuber%3E+%3Chttp%3A%2F%2Fdbpedia.org%2Fontology%2FBodybuilder%3E+%3Chttp%3A%2F%2Fdbpedia.org%2Fontology%2FSoccerPlayer%3E+%3Chttp%3A%2F%2Fdbpedia.org%2Fontology%2FMotorcycleRider%3E+%3Chttp%3A%2F%2Fdbpedia.org%2Fontology%2FSquashPlayer%3E+%3Chttp%3A%2F%2Fdbpedia.org%2Fontology%2FRomanEmperor%3E+%3Chttp%3A%2F%2Fdbpedia.org%2Fontology%2FBadmintonPlayer%3E+%3Chttp%3A%2F%2Fdbpedia.org%2Fontology%2FSpeedwayRider%3E+%3Chttp%3A%2F%2Fdbpedia.org%2Fontology%2FMusicDirector%3E+%3Chttp%3A%2F%2Fdbpedia.org%2Fontology%2FAmericanLeader%3E+%3Chttp%3A%2F%2Fdbpedia.org%2Fontology%2FActor%3E+%3Chttp%3A%2F%2Fdbpedia.org%2Fontology%2FBoxer%3E+%3Chttp%3A%2F%2Fdbpedia.org%2Fontology%2FDancer%3E+%3Chttp%3A%2F%2Fdbpedia.org%2Fontology%2FArtist%3E+%3Chttp%3A%2F%2Fdbpedia.org%2Fontology%2FPilot%3E+%3Chttp%3A%2F%2Fdbpedia.org%2Fontology%2FHorseTrainer%3E+%3Chttp%3A%2F%2Fdbpedia.org%2Fontology%2FWoman%3E+%3Chttp%3A%2F%2Fdbpedia.org%2Fontology%2FSongWriter%3E+%3Chttp%3A%2F%2Fdbpedia.org%2Fontology%2FModel%3E+%3Chttp%3A%2F%2Fdbpedia.org%2Fontology%2FBackScene%3E+%3Chttp%3A%2F%2Fdbpedia.org%2Fontology%2FRoyalty%3E+%3Chttp%3A%2F%2Fdbpedia.org%2Fontology%2FSkater%3E+%3Chttp%3A%2F%2Fdbpedia.org%2Fontology%2FChief%3E+%3Chttp%3A%2F%2Fdbpedia.org%2Fontology%2FVicePrimeMinister%3E+%3Chttp%3A%2F%2Fdbpedia.org%2Fontology%2FDog%3E+%3Chttp%3A%2F%2Fdbpedia.org%2Fontology%2FPresident%3E+%3Chttp%3A%2F%2Fdbpedia.org%2Fontology%2FMayor%3E+%3Chttp%3A%2F%2Fdbpedia.org%2Fontology%2FPharaoh%3E+%3Chttp%3A%2F%2Fdbpedia.org%2Fontology%2FTelevisionDirector%3E+%3Chttp%3A%2F%2Fdbpedia.org%2Fontology%2FPope%3E+%3Chttp%3A%2F%2Fdbpedia.org%2Fontology%2FPresenter%3E+%3Chttp%3A%2F%2Fdbpedia.org%2Fontology%2FAthleticsPlayer%3E+%3Chttp%3A%2F%2Fdbpedia.org%2Fontology%2FHistorian%3E+%3Chttp%3A%2F%2Fdbpedia.org%2Fontology%2FRacingDriver%3E+%3Chttp%3A%2F%2Fdbpedia.org%2Fontology%2FSki_jumper%3E+%3Chttp%3A%2F%2Fdbpedia.org%2Fontology%2FCongressman%3E+%3Chttp%3A%2F%2Fdbpedia.org%2Fontology%2FHorseRider%3E+%3Chttp%3A%2F%2Fdbpedia.org%2Fontology%2FArachnid%3E+%3Chttp%3A%2F%2Fdbpedia.org%2Fontology%2FIceHockeyPlayer%3E+%3Chttp%3A%2F%2Fdbpedia.org%2Fontology%2FCyclist%3E+%3Chttp%3A%2F%2Fdbpedia.org%2Fontology%2FReferee%3E+%3Chttp%3A%2F%2Fdbpedia.org%2Fontology%2FMartialArtist%3E+%3Chttp%3A%2F%2Fdbpedia.org%2Fontology%2FFarmer%3E+%3Chttp%3A%2F%2Fdbpedia.org%2Fontology%2FMurderer%3E+%3Chttp%3A%2F%2Fdbpedia.org%2Fontology%2FLacrossePlayer%3E+%3Chttp%3A%2F%2Fdbpedia.org%2Fontology%2FPrimeMinister%3E+%3Chttp%3A%2F%2Fdbpedia.org%2Fontology%2FInstrumentalist%3E+%3Chttp%3A%2F%2Fdbpedia.org%2Fontology%2FMusicalArtist%3E+%3Chttp%3A%2F%2Fdbpedia.org%2Fontology%2FNascarDriver%3E+%3Chttp%3A%2F%2Fdbpedia.org%2Fontology%2FDeputy%3E+%3Chttp%3A%2F%2Fdbpedia.org%2Fontology%2FArchitect%3E+%3Chttp%3A%2F%2Fdbpedia.org%2Fontology%2FSpy%3E+%3Chttp%3A%2F%2Fdbpedia.org%2Fontology%2FPoliceOfficer%3E+%3Chttp%3A%2F%2Fdbpedia.org%2Fontology%2FRebbe%3E+%3Chttp%3A%2F%2Fdbpedia.org%2Fontology%2FMedician%3E+%3Chttp%3A%2F%2Fdbpedia.org%2Fontology%2FEgyptologist%3E+%3Chttp%3A%2F%2Fdbpedia.org%2Fontology%2FChancellor%3E+%3Chttp%3A%2F%2Fdbpedia.org%2Fontology%2FSenator%3E+%3Chttp%3A%2F%2Fdbpedia.org%2Fontology%2FLieutenant%3E+%3Chttp%3A%2F%2Fdbpedia.org%2Fontology%2FMovieDirector%3E+%3Chttp%3A%2F%2Fdbpedia.org%2Fontology%2FPhotographer%3E+%3Chttp%3A%2F%2Fdbpedia.org%2Fontology%2FGovernor%3E+%3Chttp%3A%2F%2Fdbpedia.org%2Fontology%2FProfessor%3E+%3Chttp%3A%2F%2Fdbpedia.org%2Fontology%2FAmericanFootballPlayer%3E+%3Chttp%3A%2F%2Fdbpedia.org%2Fontology%2FRallyDriver%3E+%3Chttp%3A%2F%2Fdbpedia.org%2Fontology%2FGuitarist%3E+%3Chttp%3A%2F%2Fdbpedia.org%2Fontology%2FWriter%3E+%3Chttp%3A%2F%2Fdbpedia.org%2Fontology%2FReptile%3E+%3Chttp%3A%2F%2Fdbpedia.org%2Fontology%2FTableTennisPlayer%3E+%3Chttp%3A%2F%2Fdbpedia.org%2Fontology%2FCanoeist%3E+%3Chttp%3A%2F%2Fdbpedia.org%2Fontology%2FNoble%3E+%3Chttp%3A%2F%2Fdbpedia.org%2Fontology%2FChristianBishop%3E+%3Chttp%3A%2F%2Fdbpedia.org%2Fontology%2FSwimmer%3E+%3Chttp%3A%2F%2Fdbpedia.org%2Fontology%2FSpeedSkater%3E+%3Chttp%3A%2F%2Fdbpedia.org%2Fontology%2FSaint%3E+%3Chttp%3A%2F%2Fdbpedia.org%2Fontology%2FCanadianFootballPlayer%3E+%3Chttp%3A%2F%2Fdbpedia.org%2Fontology%2FNordicCombined%3E+%3Chttp%3A%2F%2Fdbpedia.org%2Fontology%2FHumorist%3E+%3Chttp%3A%2F%2Fdbpedia.org%2Fontology%2FSportsManager%3E+%3Chttp%3A%2F%2Fdbpedia.org%2Fontology%2FAmbassador%3E+%3Chttp%3A%2F%2Fdbpedia.org%2Fontology%2FBusinessPerson%3E+%3Chttp%3A%2F%2Fdbpedia.org%2Fontology%2FBobsleighAthlete%3E+%3Chttp%3A%2F%2Fdbpedia.org%2Fontology%2FGridironFootballPlayer%3E+%3Chttp%3A%2F%2Fdbpedia.org%2Fontology%2FOfficeHolder%3E+%3Chttp%3A%2F%2Fdbpedia.org%2Fontology%2FMonarch%3E+%3Chttp%3A%2F%2Fdbpedia.org%2Fontology%2FLawyer%3E+%3Chttp%3A%2F%2Fdbpedia.org%2Fontology%2FArcherPlayer%3E+%3Chttp%3A%2F%2Fdbpedia.org%2Fontology%2FPoliticianSpouse%3E+%3Chttp%3A%2F%2Fdbpedia.org%2Fontology%2FPokerPlayer%3E+%3Chttp%3A%2F%2Fdbpedia.org%2Fontology%2FJewishLeader%3E+%3Chttp%3A%2F%2Fdbpedia.org%2Fontology%2FGaelicGamesPlayer%3E+%7D%0A++++++%3Fs+a+%3Fc+.%0A++++%7D%0A++++ORDER+BY+%3Fs%0A++++LIMIT+10000%0A++++&format=json
http://dbpedia.org/ontology/AnimangaCharacter,0,0,18,0,1,18,0,ok,
http://dbpedia.org/ontology/Anime,0,0,6585,0,1,6585,0,ok,
http://dbpedia.org/ontology/Arachnid,0,0,1069,0,1,1069,0,ok,
http://dbpedia.org/ontology/Archaea,0,0,250,0,1,250,0,ok,
http://dbpedia.org/ontology/Archbishop,0,0,1202,0,1,1202,0,ok,
http://dbpedia.org/ontology/Architect,0,0,4930,0,1,4930,0,ok,
http://dbpedia.org/ontology/ArchitecturalStructure,75,0,10000,3,76,760000,3,ok,
http://dbpedia.org/ontology/Artery,0,0,389,0,1,389,0,ok,
http://dbpedia.org/ontology/Artist,18,0,10000,3,19,190000,3,ok,
http://dbpedia.org/ontology/ArtistDiscography,0,0,6193,0,1,6193,0,ok,
http://dbpedia.org/ontology/Artwork,2,0,10000,1,3,30000,1,ok,
http://dbpedia.org/ontology/Asteroid,0,0,10000,0,1,10000,0,ok,
http://dbpedia.org/ontology/Astronaut,0,0,741,0,1,741,0,ok,
http://dbpedia.org/ontology/Athlete,69,0,10000,3,70,700000,3,ok,
http://dbpedia.org/ontology/AustralianFootballLeague,0,0,3,0,1,3,0,ok,
http://dbpedia.org/ontology/AustralianFootballTeam,0,0,832,0,1,832,0,ok,
http://dbpedia.org/ontology/AustralianRulesFootballPlayer,0,0,10000,0,1,10000,0,ok,
http://dbpedia.org/ontology/AutoRacingLeague,0,0,5,0,1,5,0,ok,
http://dbpedia.org/ontology/Automobile,0,0,10000,0,1,10000,0,ok,
http://dbpedia.org/ontology/AutomobileEngine,0,0,10000,0,1,10000,0,ok,
http://dbpedia.org/ontology/Award,2,0,10000,1,3,30000,1,ok,
http://dbpedia.org/ontology/Bacteria,0,0,6120,0,1,6120,0,ok,
http://dbpedia.org/ontology/BadmintonPlayer,0,0,3483,0,1,3483,0,ok,
http://dbpedia.org/ontology/Band,0,0,10000,0,1,10000,0,ok,
http://dbpedia.org/ontology/Bank,0,0,5005,0,1,5005,0,ok,
http://dbpedia.org/ontology/Baronet,0,0,348,0,1,348,0,ok,
http://dbpedia.org/ontology/BaseballLeague,0,0,642,0,1,642,0,ok,
http://dbpedia.org/ontology/BaseballPlayer,0,0,10000,0,1,10000,0,ok,
http://dbpedia.org/ontology/BaseballSeason,0,0,269,0,1,269,0,ok,
http://dbpedia.org/ontology/BaseballTeam,0,0,36,0,1,36,0,ok,
http://dbpedia.org/ontology/BasketballLeague,0,0,688,0,1,688,0,ok,
http://dbpedia.org/ontology/BasketballPlayer,0,0,10000,0,1,10000,0,ok,
http://dbpedia.org/ontology/BasketballTeam,0,0,3485,0,1,3485,0,ok,
http://dbpedia.org/ontology/Battery,0,0,32,0,1,32,0,ok,
http://dbpedia.org/ontology/Bay,0,0,47,0,1,47,0,ok,
http://dbpedia.org/ontology/BeachVolleyballPlayer,0,0,294,0,1,294,0,ok,
http://dbpedia.org/ontology/BeautyQueen,0,0,3120,0,1,3120,0,ok,
http://dbpedia.org/ontology/Beverage,4,0,1358,2,5,6790,2,ok,
http://dbpedia.org/ontology/BiologicalDatabase,0,0,418,0,1,418,0,ok,
http://dbpedia.org/ontology/Bird,0,0,81,0,1,81,0,ok,
http://dbpedia.org/ontology/BodyOfWater,7,0,10000,2,8,80000,2,ok,
http://dbpedia.org/ontology/Bodybuilder,0,0,343,0,1,343,0,ok,
http://dbpedia.org/ontology/Bone,0,0,339,0,1,339,0,ok,
http://dbpedia.org/ontology/Book,0,0,10000,0,1,10000,0,ok,
http://dbpedia.org/ontology/BowlingLeague,0,0,11,0,1,11,0,ok,
http://dbpedia.org/ontology/Boxer,1,0,7086,1,2,14172,1,ok,
http://dbpedia.org/ontology/BoxingLeague,0,0,8,0,1,8,0,ok,
http://dbpedia.org/ontology/Brain,0,0,552,0,1,552,0,ok,
http://dbpedia.org/ontology/Brewery,0,0,483,0,1,483,0,ok,
http://dbpedia.org/ontology/Bridge,0,0,7206,0,1,7206,0,ok,
http://dbpedia.org/ontology/BroadcastNetwork,0,0,1314,0,1,1314,0,ok,
http://dbpedia.org/ontology/Building,21,0,10000,2,22,220000,2,ok,
http://dbpedia.org/ontology/BusCompany,0,0,2028,0,1,2028,0,ok,
http://dbpedia.org/ontology/BusinessPerson,0,0,815,0,1,815,0,ok,
http://dbpedia.org/ontology/CanadianFootballLeague,0,0,12,0,1,12,0,ok,
http://dbpedia.org/ontology/CanadianFootballTeam,0,0,0,0,1,0,0,ok,
http://dbpedia.org/ontology/Canal,0,0,731,0,1,731,0,ok,
http://dbpedia.org/ontology/Canoeist,0,0,517,0,1,517,0,ok,
http://dbpedia.org/ontology/Cardinal,0,0,1988,0,1,1988,0,ok,
http://dbpedia.org/ontology/CareerStation,1,0,10000,1,2,20000,1,ok,
http://dbpedia.org/ontology/Castle,0,0,6300,0,1,6300,0,ok,
http://dbpedia.org/ontology/Cave,0,0,1671,0,1,1671,0,ok,
http://dbpedia.org/ontology/Chancellor,0,0,28,0,1,28,0,ok,
http://dbpedia.org/ontology/Cheese,0,0,359,0,1,359,0,ok,
http://dbpedia.org/ontology/Chef,0,0,1019,0,1,1019,0,ok,
http://dbpedia.org/ontology/ChemicalCompound,0,0,10000,0,1,10000,0,ok,
http://dbpedia.org/ontology/ChessPlayer,0,0,4415,0,1,4415,0,ok,
http://dbpedia.org/ontology/ChristianBishop,1,0,10000,1,2,20000,1,ok,
http://dbpedia.org/ontology/ChristianPatriarch,0,0,57,0,1,57,0,ok,
http://dbpedia.org/ontology/Cinema,0,0,2332,0,1,2332,0,ok,
http://dbpedia.org/ontology/City,2,0,10000,1,3,30000,1,ok,
http://dbpedia.org/ontology/CityDistrict,0,0,10000,0,1,10000,0,ok,
http://dbpedia.org/ontology/ClassicalMusicArtist,0,0,296,0,1,296,0,ok,
http://dbpedia.org/ontology/ClassicalMusicComposition,0,0,788,0,1,788,0,ok,
http://dbpedia.org/ontology/Cleric,8,0,10000,2,9,90000,2,ok,
http://dbpedia.org/ontology/ClubMoss,0,0,1,0,1,1,0,ok,
http://dbpedia.org/ontology/College,0,0,422,0,1,422,0,ok,
http://dbpedia.org/ontology/CollegeCoach,0,0,10000,0,1,10000,0,ok,
http://dbpedia.org/ontology/Colour,0,0,960,0,1,960,0,ok,
http://dbpedia.org/ontology/CombinationDrug,0,0,535,0,1,535,0,ok,
http://dbpedia.org/ontology/Comedian,0,0,1756,0,1,1756,0,ok,
http://dbpedia.org/ontology/ComedyGroup,0,0,136,0,1,136,0,ok,
http://dbpedia.org/ontology/Comic,4,0,10000,1,5,50000,1,ok,
http://dbpedia.org/ontology/ComicStrip,0,0,354,0,1,354,0,ok,
http://dbpedia.org/ontology/ComicsCharacter,1,0,3858,1,2,7716,1,ok,
http://dbpedia.org/ontology/ComicsCreator,0,0,3613,0,1,3613,0,ok,
http://dbpedia.org/ontology/Company,10,0,10000,2,11,110000,2,ok,
http://dbpedia.org/ontology/ConcentrationCamp,0,0,214,0,1,214,0,ok,
http://dbpedia.org/ontology/Congressman,0,0,238,0,1,238,0,ok,
http://dbpedia.org/ontology/Conifer,0,0,11,0,1,11,0,ok,
http://dbpedia.org/ontology/Constellation,0,0,93,0,1,93,0,ok,
http://dbpedia.org/ontology/Continent,0,0,48,0,1,48,0,ok,
http://dbpedia.org/ontology/Convention,0,0,5360,0,1,5360,0,ok,
http://dbpedia.org/ontology/Country,1,0,5712,1,2,11424,1,ok,
http://dbpedia.org/ontology/Crater,1,0,2109,1,2,4218,1,ok,
http://dbpedia.org/ontology/CricketGround,0,0,228,0,1,228,0,ok,
http://dbpedia.org/ontology/CricketLeague,0,0,16,0,1,16,0,ok,
http://dbpedia.org/ontology/CricketTeam,0,0,1480,0,1,1480,0,ok,
http://dbpedia.org/ontology/Cricketer,0,0,10000,0,1,10000,0,ok,
http://dbpedia.org/ontology/Criminal,2,0,7281,2,3,21843,2,ok,
http://dbpedia.org/ontology/Crustacean,0,0,1531,0,1,1531,0,ok,
http://dbpedia.org/ontology/CultivatedVariety,0,0,1720,0,1,1720,0,ok,
http://dbpedia.org/ontology/Curler,0,0,2802,0,1,2802,0,ok,
http://dbpedia.org/ontology/CurlingLeague,0,0,4,0,1,4,0,ok,
http://dbpedia.org/ontology/Currency,0,0,510,0,1,510,0,ok,
http://dbpedia.org/ontology/Cycad,0,0,4,0,1,4,0,ok,
http://dbpedia.org/ontology/CyclingRace,0,0,1673,0,1,1673,0,ok,
http://dbpedia.org/ontology/CyclingTeam,0,0,1074,0,1,1074,0,ok,
http://dbpedia.org/ontology/Cyclist,0,0,10000,0,1,10000,0,ok,
http://dbpedia.org/ontology/Dam,0,0,8825,0,1,8825,0,ok,
http://dbpedia.org/ontology/DartsPlayer,0,0,989,0,1,989,0,ok,
http://dbpedia.org/ontology/Device,13,0,10000,2,14,140000,2,ok,
http://dbpedia.org/ontology/Diocese,0,0,4349,0,1,4349,0,ok,
http://dbpedia.org/ontology/Disease,0,0,10000,0,1,10000,0,ok,
http://dbpedia.org/ontology/Drug,4,0,10000,1,5,50000,1,ok,
http://dbpedia.org/ontology/Earthquake,0,0,1439,0,1,1439,0,ok,
http://dbpedia.org/ontology/Economist,0,0,1863,0,1,1863,0,ok,
http://dbpedia.org/ontology/EducationalInstitution,4,0,10000,1,5,50000,1,ok,
http://dbpedia.org/ontology/Election,0,0,10000,0,1,10000,0,ok,
http://dbpedia.org/ontology/Embryology,0,0,188,0,1,188,0,ok,
http://dbpedia.org/ontology/Engine,2,0,10000,1,3,30000,1,ok,
http://dbpedia.org/ontology/Engineer,0,0,1020,0,1,1020,0,ok,
http://dbpedia.org/ontology/Entomologist,0,0,529,0,1,529,0,ok,
http://dbpedia.org/ontology/Enzyme,0,0,5202,0,1,5202,0,ok,
http://dbpedia.org/ontology/EthnicGroup,0,0,9772,0,1,9772,0,ok,
http://dbpedia.org/ontology/Eukaryote,0,0,0,0,1,0,0,error,414 Client Error: Request-URI Too Large for url: https://dbpedia.org/sparql?query=%0A++++SELECT+DISTINCT+%3Fs+WHERE+%7B%0A++++++VALUES+%3Fc+%7B+%3Chttp%3A%2F%2Fdbpedia.org%2Fontology%2FHighDiver%3E+%3Chttp%3A%2F%2Fdbpedia.org%2Fontology%2FOrganisationMember%3E+%3Chttp%3A%2F%2Fdbpedia.org%2Fontology%2FFloweringPlant%3E+%3Chttp%3A%2F%2Fdbpedia.org%2Fontology%2FScientist%3E+%3Chttp%3A%2F%2Fdbpedia.org%2Fontology%2FGolfPlayer%3E+%3Chttp%3A%2F%2Fdbpedia.org%2Fontology%2FComedian%3E+%3Chttp%3A%2F%2Fdbpedia.org%2Fontology%2FLinguist%3E+%3Chttp%3A%2F%2Fdbpedia.org%2Fontology%2FAthlete%3E+%3Chttp%3A%2F%2Fdbpedia.org%2Fontology%2FVoiceActor%3E+%3Chttp%3A%2F%2Fdbpedia.org%2Fontology%2FClubMoss%3E+%3Chttp%3A%2F%2Fdbpedia.org%2Fontology%2FCricketer%3E+%3Chttp%3A%2F%2Fdbpedia.org%2Fontology%2FEukaryote%3E+%3Chttp%3A%2F%2Fdbpedia.org%2Fontology%2FVicar%3E+%3Chttp%3A%2F%2Fdbpedia.org%2Fontology%2FFish%3E+%3Chttp%3A%2F%2Fdbpedia.org%2Fontology%2FFencer%3E+%3Chttp%3A%2F%2Fdbpedia.org%2Fontology%2FEconomist%3E+%3Chttp%3A%2F%2Fdbpedia.org%2Fontology%2FHorse%3E+%3Chttp%3A%2F%2Fdbpedia.org%2Fontology%2FRower%3E+%3Chttp%3A%2F%2Fdbpedia.org%2Fontology%2FMilitaryPerson%3E+%3Chttp%3A%2F%2Fdbpedia.org%2Fontology%2FFungus%3E+%3Chttp%3A%2F%2Fdbpedia.org%2Fontology%2FVicePresident%3E+%3Chttp%3A%2F%2Fdbpedia.org%2Fontology%2FChessPlayer%3E+%3Chttp%3A%2F%2Fdbpedia.org%2Fontology%2FGaelicGamesPlayer%3E+%3Chttp%3A%2F%2Fdbpedia.org%2Fontology%2FHandballPlayer%3E+%3Chttp%3A%2F%2Fdbpedia.org%2Fontology%2FBaseballPlayer%3E+%3Chttp%3A%2F%2Fdbpedia.org%2Fontology%2FGinkgo%3E+%3Chttp%3A%2F%2Fdbpedia.org%2Fontology%2FPainter%3E+%3Chttp%3A%2F%2Fdbpedia.org%2Fontology%2FCleric%3E+%3Chttp%3A%2F%2Fdbpedia.org%2Fontology%2FLatterDaySaint%3E+%3Chttp%3A%2F%2Fdbpedia.org%2Fontology%2FCoach%3E+%3Chttp%3A%2F%2Fdbpedia.org%2Fontology%2FAmateurBoxer%3E+%3Chttp%3A%2F%2Fdbpedia.org%2Fontology%2FComicsCreator%3E+%3Chttp%3A%2F%2Fdbpedia.org%2Fontology%2FConifer%3E+%3Chttp%3A%2F%2Fdbpedia.org%2Fontology%2FPhilosopher%3E+%3Chttp%3A%2F%2Fdbpedia.org%2Fontology%2FDartsPlayer%3E+%3Chttp%3A%2F%2Fdbpedia.org%2Fontology%2FCrossCountrySkier%3E+%3Chttp%3A%2F%2Fdbpedia.org%2Fontology%2FSportsTeamMember%3E+%3Chttp%3A%2F%2Fdbpedia.org%2Fontology%2FMollusca%3E+%3Chttp%3A%2F%2Fdbpedia.org%2Fontology%2FTheatreDirector%3E+%3Chttp%3A%2F%2Fdbpedia.org%2Fontology%2FAustralianRulesFootballPlayer%3E+%3Chttp%3A%2F%2Fdbpedia.org%2Fontology%2FSumoWrestler%3E+%3Chttp%3A%2F%2Fdbpedia.org%2Fontology%2FPsychologist%3E+%3Chttp%3A%2F%2Fdbpedia.org%2Fontology%2FBasketballPlayer%3E+%3Chttp%3A%2F%2Fdbpedia.org%2Fontology%2FScreenWriter%3E+%3Chttp%3A%2F%2Fdbpedia.org%2Fontology%2FPlayWright%3E+%3Chttp%3A%2F%2Fdbpedia.org%2Fontology%2FSnookerChamp%3E+%3Chttp%3A%2F%2Fdbpedia.org%2Fontology%2FCriminal%3E+%3Chttp%3A%2F%2Fdbpedia.org%2Fontology%2FVolleyballCoach%3E+%3Chttp%3A%2F%2Fdbpedia.org%2Fontology%2FAnimal%3E+%3Chttp%3A%2F%2Fdbpedia.org%2Fontology%2FChristianPatriarch%3E+%3Chttp%3A%2F%2Fdbpedia.org%2Fontology%2FMotocycleRacer%3E+%3Chttp%3A%2F%2Fdbpedia.org%2Fontology%2FSailor%3E+%3Chttp%3A%2F%2Fdbpedia.org%2Fontology%2FSnookerPlayer%3E+%3Chttp%3A%2F%2Fdbpedia.org%2Fontology%2FAstronaut%3E+%3Chttp%3A%2F%2Fdbpedia.org%2Fontology%2FSurfer%3E+%3Chttp%3A%2F%2Fdbpedia.org%2Fontology%2FMusicComposer%3E+%3Chttp%3A%2F%2Fdbpedia.org%2Fontology%2FPlayboyPlaymate%3E+%3Chttp%3A%2F%2Fdbpedia.org%2Fontology%2FPretender%3E+%3Chttp%3A%2F%2Fdbpedia.org%2Fontology%2FSerialKiller%3E+%3Chttp%3A%2F%2Fdbpedia.org%2Fontology%2FJournalist%3E+%3Chttp%3A%2F%2Fdbpedia.org%2Fontology%2FPriest%3E+%3Chttp%3A%2F%2Fdbpedia.org%2Fontology%2FAmericanFootballCoach%3E+%3Chttp%3A%2F%2Fdbpedia.org%2Fontology%2FPerson%3E+%3Chttp%3A%2F%2Fdbpedia.org%2Fontology%2FCardinal%3E+%3Chttp%3A%2F%2Fdbpedia.org%2Fontology%2FTelevisionHost%3E+%3Chttp%3A%2F%2Fdbpedia.org%2Fontology%2FJudge%3E+%3Chttp%3A%2F%2Fdbpedia.org%2Fontology%2FJockey%3E+%3Chttp%3A%2F%2Fdbpedia.org%2Fontology%2FGymnast%3E+%3Chttp%3A%2F%2Fdbpedia.org%2Fontology%2FClassicalMusicArtist%3E+%3Chttp%3A%2F%2Fdbpedia.org%2Fontology%2FNetballPlayer%3E+%3Chttp%3A%2F%2Fdbpedia.org%2Fontology%2FPoet%3E+%3Chttp%3A%2F%2Fdbpedia.org%2Fontology%2FSkier%3E+%3Chttp%3A%2F%2Fdbpedia.org%2Fontology%2FFern%3E+%3Chttp%3A%2F%2Fdbpedia.org%2Fontology%2FAristocrat%3E+%3Chttp%3A%2F%2Fdbpedia.org%2Fontology%2FPolitician%3E+%3Chttp%3A%2F%2Fdbpedia.org%2Fontology%2FSculptor%3E+%3Chttp%3A%2F%2Fdbpedia.org%2Fontology%2FBiologist%3E+%3Chttp%3A%2F%2Fdbpedia.org%2Fontology%2FBritishRoyalty%3E+%3Chttp%3A%2F%2Fdbpedia.org%2Fontology%2FSoccerManager%3E+%3Chttp%3A%2F%2Fdbpedia.org%2Fontology%2FBiathlete%3E+%3Chttp%3A%2F%2Fdbpedia.org%2Fontology%2FArcheologist%3E+%3Chttp%3A%2F%2Fdbpedia.org%2Fontology%2FMemberOfParliament%3E+%3Chttp%3A%2F%2Fdbpedia.org%2Fontology%2FBird%3E+%3Chttp%3A%2F%2Fdbpedia.org%2Fontology%2FInsect%3E+%3Chttp%3A%2F%2Fdbpedia.org%2Fontology%2FEntomologist%3E+%3Chttp%3A%2F%2Fdbpedia.org%2Fontology%2FMinister%3E+%3Chttp%3A%2F%2Fdbpedia.org%2Fontology%2FMammal%3E+%3Chttp%3A%2F%2Fdbpedia.org%2Fontology%2FRadioHost%3E+%3Chttp%3A%2F%2Fdbpedia.org%2Fontology%2FBullFighter%3E+%3Chttp%3A%2F%2Fdbpedia.org%2Fontology%2FDBpedian%3E+%3Chttp%3A%2F%2Fdbpedia.org%2Fontology%2FWrestler%3E+%3Chttp%3A%2F%2Fdbpedia.org%2Fontology%2FSinger%3E+%3Chttp%3A%2F%2Fdbpedia.org%2Fontology%2FAdultActor%3E+%3Chttp%3A%2F%2Fdbpedia.org%2Fontology%2FBeachVolleyballPlayer%3E+%3Chttp%3A%2F%2Fdbpedia.org%2Fontology%2FProducer%3E+%3Chttp%3A%2F%2Fdbpedia.org%2Fontology%2FVolleyballPlayer%3E+%3Chttp%3A%2F%2Fdbpedia.org%2Fontology%2FRugbyPlayer%3E+%3Chttp%3A%2F%2Fdbpedia.org%2Fontology%2FWaterPoloPlayer%3E+%3Chttp%3A%2F%2Fdbpedia.org%2Fontology%2FTeamMember%3E+%3Chttp%3A%2F%2Fdbpedia.org%2Fontology%2FMan%3E+%3Chttp%3A%2F%2Fdbpedia.org%2Fontology%2FMemberResistanceMovement%3E+%3Chttp%3A%2F%2Fdbpedia.org%2Fontology%2FArchbishop%3E+%3Chttp%3A%2F%2Fdbpedia.org%2Fontology%2FDTMRacer%3E+%3Chttp%3A%2F%2Fdbpedia.org%2Fontology%2FGnetophytes%3E+%3Chttp%3A%2F%2Fdbpedia.org%2Fontology%2FEngineer%3E+%3Chttp%3A%2F%2Fdbpedia.org%2Fontology%2FFigureSkater%3E+%3Chttp%3A%2F%2Fdbpedia.org%2Fontology%2FCat%3E+%3Chttp%3A%2F%2Fdbpedia.org%2Fontology%2FAcademic%3E+%3Chttp%3A%2F%2Fdbpedia.org%2Fontology%2FChef%3E+%3Chttp%3A%2F%2Fdbpedia.org%2Fontology%2FTennisPlayer%3E+%3Chttp%3A%2F%2Fdbpedia.org%2Fontology%2FNationalCollegiateAthleticAssociationAthlete%3E+%3Chttp%3A%2F%2Fdbpedia.org%2Fontology%2FAmphibian%3E+%3Chttp%3A%2F%2Fdbpedia.org%2Fontology%2FWinterSportPlayer%3E+%3Chttp%3A%2F%2Fdbpedia.org%2Fontology%2FBaronet%3E+%3Chttp%3A%2F%2Fdbpedia.org%2Fontology%2FCycad%3E+%3Chttp%3A%2F%2Fdbpedia.org%2Fontology%2FCrustacean%3E+%3Chttp%3A%2F%2Fdbpedia.org%2Fontology%2FCurler%3E+%3Chttp%3A%2F%2Fdbpedia.org%2Fontology%2FMotorsportRacer%3E+%3Chttp%3A%2F%2Fdbpedia.org%2Fontology%2FCollegeCoach%3E+%3Chttp%3A%2F%2Fdbpedia.org%2Fontology%2FReligious%3E+%3Chttp%3A%2F%2Fdbpedia.org%2Fontology%2FBeautyQueen%3E+%3Chttp%3A%2F%2Fdbpedia.org%2Fontology%2FFashionDesigner%3E+%3Chttp%3A%2F%2Fdbpedia.org%2Fontology%2FFormulaOneRacer%3E+%3Chttp%3A%2F%2Fdbpedia.org%2Fontology%2FYoutuber%3E+%3Chttp%3A%2F%2Fdbpedia.org%2Fontology%2FBodybuilder%3E+%3Chttp%3A%2F%2Fdbpedia.org%2Fontology%2FSoccerPlayer%3E+%3Chttp%3A%2F%2Fdbpedia.org%2Fontology%2FMotorcycleRider%3E+%3Chttp%3A%2F%2Fdbpedia.org%2Fontology%2FSquashPlayer%3E+%3Chttp%3A%2F%2Fdbpedia.org%2Fontology%2FRomanEmperor%3E+%3Chttp%3A%2F%2Fdbpedia.org%2Fontology%2FBadmintonPlayer%3E+%3Chttp%3A%2F%2Fdbpedia.org%2Fontology%2FSpeedwayRider%3E+%3Chttp%3A%2F%2Fdbpedia.org%2Fontology%2FMusicDirector%3E+%3Chttp%3A%2F%2Fdbpedia.org%2Fontology%2FAmericanLeader%3E+%3Chttp%3A%2F%2Fdbpedia.org%2Fontology%2FActor%3E+%3Chttp%3A%2F%2Fdbpedia.org%2Fontology%2FBoxer%3E+%3Chttp%3A%2F%2Fdbpedia.org%2Fontology%2FDancer%3E+%3Chttp%3A%2F%2Fdbpedia.org%2Fontology%2FArtist%3E+%3Chttp%3A%2F%2Fdbpedia.org%2Fontology%2FPilot%3E+%3Chttp%3A%2F%2Fdbpedia.org%2Fontology%2FHorseTrainer%3E+%3Chttp%3A%2F%2Fdbpedia.org%2Fontology%2FWoman%3E+%3Chttp%3A%2F%2Fdbpedia.org%2Fontology%2FSongWriter%3E+%3Chttp%3A%2F%2Fdbpedia.org%2Fontology%2FModel%3E+%3Chttp%3A%2F%2Fdbpedia.org%2Fontology%2FBackScene%3E+%3Chttp%3A%2F%2Fdbpedia.org%2Fontology%2FRoyalty%3E+%3Chttp%3A%2F%2Fdbpedia.org%2Fontology%2FSkater%3E+%3Chttp%3A%2F%2Fdbpedia.org%2Fontology%2FGrape%3E+%3Chttp%3A%2F%2Fdbpedia.org%2Fontology%2FChief%3E+%3Chttp%3A%2F%2Fdbpedia.org%2Fontology%2FVicePrimeMinister%3E+%3Chttp%3A%2F%2Fdbpedia.org%2Fontology%2FDog%3E+%3Chttp%3A%2F%2Fdbpedia.org%2Fontology%2FPresident%3E+%3Chttp%3A%2F%2Fdbpedia.org%2Fontology%2FMayor%3E+%3Chttp%3A%2F%2Fdbpedia.org%2Fontology%2FPharaoh%3E+%3Chttp%3A%2F%2Fdbpedia.org%2Fontology%2FTelevisionDirector%3E+%3Chttp%3A%2F%2Fdbpedia.org%2Fontology%2FPope%3E+%3Chttp%3A%2F%2Fdbpedia.org%2Fontology%2FPresenter%3E+%3Chttp%3A%2F%2Fdbpedia.org%2Fontology%2FPlant%3E+%3Chttp%3A%2F%2Fdbpedia.org%2Fontology%2FAthleticsPlayer%3E+%3Chttp%3A%2F%2Fdbpedia.org%2Fontology%2FHistorian%3E+%3Chttp%3A%2F%2Fdbpedia.org%2Fontology%2FRacingDriver%3E+%3Chttp%3A%2F%2Fdbpedia.org%2Fontology%2FSki_jumper%3E+%3Chttp%3A%2F%2Fdbpedia.org%2Fontology%2FCongressman%3E+%3Chttp%3A%2F%2Fdbpedia.org%2Fontology%2FGreenAlga%3E+%3Chttp%3A%2F%2Fdbpedia.org%2Fontology%2FHorseRider%3E+%3Chttp%3A%2F%2Fdbpedia.org%2Fontology%2FArachnid%3E+%3Chttp%3A%2F%2Fdbpedia.org%2Fontology%2FIceHockeyPlayer%3E+%3Chttp%3A%2F%2Fdbpedia.org%2Fontology%2FCyclist%3E+%3Chttp%3A%2F%2Fdbpedia.org%2Fontology%2FReferee%3E+%3Chttp%3A%2F%2Fdbpedia.org%2Fontology%2FMartialArtist%3E+%3Chttp%3A%2F%2Fdbpedia.org%2Fontology%2FFarmer%3E+%3Chttp%3A%2F%2Fdbpedia.org%2Fontology%2FMurderer%3E+%3Chttp%3A%2F%2Fdbpedia.org%2Fontology%2FLacrossePlayer%3E+%3Chttp%3A%2F%2Fdbpedia.org%2Fontology%2FPrimeMinister%3E+%3Chttp%3A%2F%2Fdbpedia.org%2Fontology%2FInstrumentalist%3E+%3Chttp%3A%2F%2Fdbpedia.org%2Fontology%2FMusicalArtist%3E+%3Chttp%3A%2F%2Fdbpedia.org%2Fontology%2FNascarDriver%3E+%3Chttp%3A%2F%2Fdbpedia.org%2Fontology%2FDeputy%3E+%3Chttp%3A%2F%2Fdbpedia.org%2Fontology%2FArchitect%3E+%3Chttp%3A%2F%2Fdbpedia.org%2Fontology%2FSpy%3E+%3Chttp%3A%2F%2Fdbpedia.org%2Fontology%2FPoliceOfficer%3E+%3Chttp%3A%2F%2Fdbpedia.org%2Fontology%2FRebbe%3E+%3Chttp%3A%2F%2Fdbpedia.org%2Fontology%2FMedician%3E+%3Chttp%3A%2F%2Fdbpedia.org%2Fontology%2FEgyptologist%3E+%3Chttp%3A%2F%2Fdbpedia.org%2Fontology%2FChancellor%3E+%3Chttp%3A%2F%2Fdbpedia.org%2Fontology%2FSenator%3E+%3Chttp%3A%2F%2Fdbpedia.org%2Fontology%2FLieutenant%3E+%3Chttp%3A%2F%2Fdbpedia.org%2Fontology%2FCultivatedVariety%3E+%3Chttp%3A%2F%2Fdbpedia.org%2Fontology%2FMovieDirector%3E+%3Chttp%3A%2F%2Fdbpedia.org%2Fontology%2FPhotographer%3E+%3Chttp%3A%2F%2Fdbpedia.org%2Fontology%2FGovernor%3E+%3Chttp%3A%2F%2Fdbpedia.org%2Fontology%2FProfessor%3E+%3Chttp%3A%2F%2Fdbpedia.org%2Fontology%2FAmericanFootballPlayer%3E+%3Chttp%3A%2F%2Fdbpedia.org%2Fontology%2FRallyDriver%3E+%3Chttp%3A%2F%2Fdbpedia.org%2Fontology%2FGuitarist%3E+%3Chttp%3A%2F%2Fdbpedia.org%2Fontology%2FWriter%3E+%3Chttp%3A%2F%2Fdbpedia.org%2Fontology%2FReptile%3E+%3Chttp%3A%2F%2Fdbpedia.org%2Fontology%2FTableTennisPlayer%3E+%3Chttp%3A%2F%2Fdbpedia.org%2Fontology%2FCanoeist%3E+%3Chttp%3A%2F%2Fdbpedia.org%2Fontology%2FNoble%3E+%3Chttp%3A%2F%2Fdbpedia.org%2Fontology%2FChristianBishop%3E+%3Chttp%3A%2F%2Fdbpedia.org%2Fontology%2FSwimmer%3E+%3Chttp%3A%2F%2Fdbpedia.org%2Fontology%2FSpeedSkater%3E+%3Chttp%3A%2F%2Fdbpedia.org%2Fontology%2FSaint%3E+%3Chttp%3A%2F%2Fdbpedia.org%2Fontology%2FCanadianFootballPlayer%3E+%3Chttp%3A%2F%2Fdbpedia.org%2Fontology%2FNordicCombined%3E+%3Chttp%3A%2F%2Fdbpedia.org%2Fontology%2FHumorist%3E+%3Chttp%3A%2F%2Fdbpedia.org%2Fontology%2FSportsManager%3E+%3Chttp%3A%2F%2Fdbpedia.org%2Fontology%2FAmbassador%3E+%3Chttp%3A%2F%2Fdbpedia.org%2Fontology%2FBusinessPerson%3E+%3Chttp%3A%2F%2Fdbpedia.org%2Fontology%2FBobsleighAthlete%3E+%3Chttp%3A%2F%2Fdbpedia.org%2Fontology%2FGridironFootballPlayer%3E+%3Chttp%3A%2F%2Fdbpedia.org%2Fontology%2FOfficeHolder%3E+%3Chttp%3A%2F%2Fdbpedia.org%2Fontology%2FMonarch%3E+%3Chttp%3A%2F%2Fdbpedia.org%2Fontology%2FLawyer%3E+%3Chttp%3A%2F%2Fdbpedia.org%2Fontology%2FArcherPlayer%3E+%3Chttp%3A%2F%2Fdbpedia.org%2Fontology%2FPoliticianSpouse%3E+%3Chttp%3A%2F%2Fdbpedia.org%2Fontology%2FPokerPlayer%3E+%3Chttp%3A%2F%2Fdbpedia.org%2Fontology%2FJewishLeader%3E+%3Chttp%3A%2F%2Fdbpedia.org%2Fontology%2FMoss%3E+%7D%0A++++++%3Fs+a+%3Fc+.%0A++++%7D%0A++++ORDER+BY+%3Fs%0A++++LIMIT+10000%0A++++&format=json
http://dbpedia.org/ontology/EurovisionSongContestEntry,0,0,216,0,1,216,0,ok,
http://dbpedia.org/ontology/Event,41,0,10000,4,42,420000,4,ok,
http://dbpedia.org/ontology/Fashion,0,0,464,0,1,464,0,ok,
http://dbpedia.org/ontology/FashionDesigner,0,0,884,0,1,884,0,ok,
http://dbpedia.org/ontology/Fern,0,0,23,0,1,23,0,ok,
http://dbpedia.org/ontology/FictionalCharacter,6,0,10000,2,7,70000,2,ok,
http://dbpedia.org/ontology/FieldHockeyLeague,0,0,127,0,1,127,0,ok,
http://dbpedia.org/ontology/FigureSkater,0,0,4275,0,1,4275,0,ok,
http://dbpedia.org/ontology/Film,0,0,10000,0,1,10000,0,ok,
http://dbpedia.org/ontology/FilmFestival,0,0,2651,0,1,2651,0,ok,
http://dbpedia.org/ontology/Fish,0,0,2531,0,1,2531,0,ok,
http://dbpedia.org/ontology/FloweringPlant,1,0,489,1,2,978,1,ok,
http://dbpedia.org/ontology/Food,6,0,9587,3,7,67109,3,ok,
http://dbpedia.org/ontology/FootballLeagueSeason,1,0,10000,1,2,20000,1,ok,
http://dbpedia.org/ontology/FootballMatch,0,0,9972,0,1,9972,0,ok,
http://dbpedia.org/ontology/FormerMunicipality,0,0,797,0,1,797,0,ok,
http://dbpedia.org/ontology/FormulaOneRacer,0,0,780,0,1,780,0,ok,
http://dbpedia.org/ontology/FormulaOneTeam,0,0,156,0,1,156,0,ok,
http://dbpedia.org/ontology/Fungus,0,0,5840,0,1,5840,0,ok,
http://dbpedia.org/ontology/GaelicGamesPlayer,0,0,4958,0,1,4958,0,ok,
http://dbpedia.org/ontology/Galaxy,0,0,2952,0,1,2952,0,ok,
http://dbpedia.org/ontology/Game,2,0,4454,1,3,13362,1,ok,
http://dbpedia.org/ontology/Garden,0,0,833,0,1,833,0,ok,
http://dbpedia.org/ontology/Ginkgo,0,0,2,0,1,2,0,ok,
http://dbpedia.org/ontology/GivenName,0,0,7676,0,1,7676,0,ok,
http://dbpedia.org/ontology/Glacier,0,0,3058,0,1,3058,0,ok,
http://dbpedia.org/ontology/Gnetophytes,0,0,1,0,1,1,0,ok,
http://dbpedia.org/ontology/GolfCourse,0,0,752,0,1,752,0,ok,
http://dbpedia.org/ontology/GolfLeague,0,0,78,0,1,78,0,ok,
http://dbpedia.org/ontology/GolfPlayer,0,0,4686,0,1,4686,0,ok,
http://dbpedia.org/ontology/GolfTournament,0,0,3353,0,1,3353,0,ok,
http://dbpedia.org/ontology/GovernmentAgency,1,0,10000,1,2,20000,1,ok,
http://dbpedia.org/ontology/Governor,0,0,692,0,1,692,0,ok,
http://dbpedia.org/ontology/GrandPrix,0,0,2029,0,1,2029,0,ok,
http://dbpedia.org/ontology/Grape,0,0,489,0,1,489,0,ok,
http://dbpedia.org/ontology/GreenAlga,0,0,3,0,1,3,0,ok,
http://dbpedia.org/ontology/Guitarist,0,0,128,0,1,128,0,ok,
http://dbpedia.org/ontology/Gymnast,0,0,5774,0,1,5774,0,ok,
http://dbpedia.org/ontology/HandballLeague,0,0,150,0,1,150,0,ok,
http://dbpedia.org/ontology/HandballPlayer,0,0,5427,0,1,5427,0,ok,
http://dbpedia.org/ontology/HandballTeam,0,0,989,0,1,989,0,ok,
http://dbpedia.org/ontology/Historian,0,0,1153,0,1,1153,0,ok,
http://dbpedia.org/ontology/HistoricBuilding,0,0,10000,0,1,10000,0,ok,
http://dbpedia.org/ontology/HistoricPlace,0,0,10000,0,1,10000,0,ok,
http://dbpedia.org/ontology/HistoricalEvent,0,0,1910,0,1,1910,0,ok,
http://dbpedia.org/ontology/HockeyTeam,0,0,3463,0,1,3463,0,ok,
http://dbpedia.org/ontology/Holiday,0,0,2219,0,1,2219,0,ok,
http://dbpedia.org/ontology/HollywoodCartoon,0,0,1,0,1,1,0,ok,
http://dbpedia.org/ontology/Horse,0,0,5676,0,1,5676,0,ok,
http://dbpedia.org/ontology/HorseRace,0,0,3667,0,1,3667,0,ok,
http://dbpedia.org/ontology/HorseRider,0,0,98,0,1,98,0,ok,
http://dbpedia.org/ontology/HorseTrainer,0,0,283,0,1,283,0,ok,
http://dbpedia.org/ontology/Hospital,0,0,6858,0,1,6858,0,ok,
http://dbpedia.org/ontology/Hotel,0,0,5397,0,1,5397,0,ok,
http://dbpedia.org/ontology/HumanGene,0,0,10000,0,1,10000,0,ok,
http://dbpedia.org/ontology/IceHockeyLeague,0,0,461,0,1,461,0,ok,
http://dbpedia.org/ontology/IceHockeyPlayer,0,0,10000,0,1,10000,0,ok,
http://dbpedia.org/ontology/InformationAppliance,0,0,2533,0,1,2533,0,ok,
http://dbpedia.org/ontology/InlineHockeyLeague,0,0,8,0,1,8,0,ok,
http://dbpedia.org/ontology/Insect,0,0,10000,0,1,10000,0,ok,
http://dbpedia.org/ontology/Island,1,0,10000,1,2,20000,1,ok,
http://dbpedia.org/ontology/Jockey,0,0,1054,0,1,1054,0,ok,
http://dbpedia.org/ontology/Journalist,0,0,2226,0,1,2226,0,ok,
http://dbpedia.org/ontology/Judge,0,0,153,0,1,153,0,ok,
http://dbpedia.org/ontology/LacrosseLeague,0,0,83,0,1,83,0,ok,
http://dbpedia.org/ontology/LacrossePlayer,0,0,509,0,1,509,0,ok,
http://dbpedia.org/ontology/Lake,0,0,10000,0,1,10000,0,ok,
http://dbpedia.org/ontology/Language,1,0,10000,1,2,20000,1,ok,
http://dbpedia.org/ontology/LaunchPad,0,0,143,0,1,143,0,ok,
http://dbpedia.org/ontology/LawFirm,0,0,755,0,1,755,0,ok,
http://dbpedia.org/ontology/Legislature,0,0,4290,0,1,4290,0,ok,
http://dbpedia.org/ontology/Library,0,0,3272,0,1,3272,0,ok,
http://dbpedia.org/ontology/Ligament,0,0,197,0,1,197,0,ok,
http://dbpedia.org/ontology/Lighthouse,0,0,2721,0,1,2721,0,ok,
http://dbpedia.org/ontology/Locomotive,0,0,5143,0,1,5143,0,ok,
http://dbpedia.org/ontology/Lymph,0,0,79,0,1,79,0,ok,
http://dbpedia.org/ontology/Magazine,0,0,10000,0,1,10000,0,ok,
http://dbpedia.org/ontology/Mammal,3,0,5964,1,4,23856,1,ok,
http://dbpedia.org/ontology/Manga,0,0,6552,0,1,6552,0,ok,
http://dbpedia.org/ontology/MartialArtist,0,0,5790,0,1,5790,0,ok,
http://dbpedia.org/ontology/Mayor,0,0,1146,0,1,1146,0,ok,
http://dbpedia.org/ontology/MedicalSpecialty,0,0,240,0,1,240,0,ok,
http://dbpedia.org/ontology/Medician,0,0,2127,0,1,2127,0,ok,
http://dbpedia.org/ontology/MemberOfParliament,0,0,643,0,1,643,0,ok,
http://dbpedia.org/ontology/MilitaryConflict,0,0,10000,0,1,10000,0,ok,
http://dbpedia.org/ontology/MilitaryPerson,0,0,10000,0,1,10000,0,ok,
http://dbpedia.org/ontology/MilitaryService,0,0,10000,0,1,10000,0,ok,
http://dbpedia.org/ontology/MilitaryStructure,1,0,7479,1,2,14958,1,ok,
http://dbpedia.org/ontology/MilitaryUnit,0,0,10000,0,1,10000,0,ok,
http://dbpedia.org/ontology/Mineral,0,0,1909,0,1,1909,0,ok,
http://dbpedia.org/ontology/MixedMartialArtsEvent,0,0,4813,0,1,4813,0,ok,
http://dbpedia.org/ontology/MixedMartialArtsLeague,0,0,19,0,1,19,0,ok,
http://dbpedia.org/ontology/Model,0,0,2165,0,1,2165,0,ok,
http://dbpedia.org/ontology/Mollusca,0,0,10000,0,1,10000,0,ok,
http://dbpedia.org/ontology/MonoclonalAntibody,0,0,497,0,1,497,0,ok,
http://dbpedia.org/ontology/Monument,2,0,4300,1,3,12900,1,ok,
http://dbpedia.org/ontology/Moss,0,0,35,0,1,35,0,ok,
http://dbpedia.org/ontology/Motorcycle,0,0,1737,0,1,1737,0,ok,
http://dbpedia.org/ontology/MotorcycleRacingLeague,0,0,87,0,1,87,0,ok,
http://dbpedia.org/ontology/MotorcycleRider,2,0,3149,1,3,9447,1,ok,
http://dbpedia.org/ontology/MotorsportSeason,0,0,10000,0,1,10000,0,ok,
http://dbpedia.org/ontology/Mountain,0,0,10000,0,1,10000,0,ok,
http://dbpedia.org/ontology/MountainPass,0,0,1933,0,1,1933,0,ok,
http://dbpedia.org/ontology/Muscle,0,0,294,0,1,294,0,ok,
http://dbpedia.org/ontology/Museum,0,0,10000,0,1,10000,0,ok,
http://dbpedia.org/ontology/MusicFestival,0,0,2483,0,1,2483,0,ok,
http://dbpedia.org/ontology/MusicGenre,0,0,3551,0,1,3551,0,ok,
http://dbpedia.org/ontology/Musical,0,0,1911,0,1,1911,0,ok,
http://dbpedia.org/ontology/MusicalArtist,6,0,10000,2,7,70000,2,ok,
http://dbpedia.org/ontology/MusicalWork,9,0,10000,2,10,100000,2,ok,
http://dbpedia.org/ontology/MythologicalFigure,0,0,1209,0,1,1209,0,ok,
http://dbpedia.org/ontology/NCAATeamSeason,0,0,10000,0,1,10000,0,ok,
http://dbpedia.org/ontology/NascarDriver,0,0,1998,0,1,1998,0,ok,
http://dbpedia.org/ontology/NationalCollegiateAthleticAssociationAthlete,0,0,111,0,1,111,0,ok,
http://dbpedia.org/ontology/NationalFootballLeagueEvent,0,0,12,0,1,12,0,ok,
http://dbpedia.org/ontology/NationalFootballLeagueSeason,0,0,3871,0,1,3871,0,ok,
http://dbpedia.org/ontology/Nerve,0,0,335,0,1,335,0,ok,
http://dbpedia.org/ontology/NetballPlayer,0,0,636,0,1,636,0,ok,
http://dbpedia.org/ontology/Newspaper,0,0,10000,0,1,10000,0,ok,
http://dbpedia.org/ontology/Noble,0,0,9048,0,1,9048,0,ok,
http://dbpedia.org/ontology/Novel,1,0,24,1,2,48,1,ok,
http://dbpedia.org/ontology/OlympicEvent,0,0,7742,0,1,7742,0,ok,
http://dbpedia.org/ontology/Olympics,1,0,7852,1,2,15704,1,ok,
http://dbpedia.org/ontology/Organisation,87,0,10000,3,88,880000,3,ok,
http://dbpedia.org/ontology/Outbreak,0,0,164,0,1,164,0,ok,
http://dbpedia.org/ontology/Painter,0,0,2530,0,1,2530,0,ok,
http://dbpedia.org/ontology/Park,0,0,9749,0,1,9749,0,ok,
http://dbpedia.org/ontology/Person,0,0,0,0,1,0,0,error,414 Client Error: Request-URI Too Large for url: https://dbpedia.org/sparql?query=%0A++++SELECT+DISTINCT+%3Fs+WHERE+%7B%0A++++++VALUES+%3Fc+%7B+%3Chttp%3A%2F%2Fdbpedia.org%2Fontology%2FHighDiver%3E+%3Chttp%3A%2F%2Fdbpedia.org%2Fontology%2FOrganisationMember%3E+%3Chttp%3A%2F%2Fdbpedia.org%2Fontology%2FGolfPlayer%3E+%3Chttp%3A%2F%2Fdbpedia.org%2Fontology%2FScientist%3E+%3Chttp%3A%2F%2Fdbpedia.org%2Fontology%2FComedian%3E+%3Chttp%3A%2F%2Fdbpedia.org%2Fontology%2FLinguist%3E+%3Chttp%3A%2F%2Fdbpedia.org%2Fontology%2FAthlete%3E+%3Chttp%3A%2F%2Fdbpedia.org%2Fontology%2FVoiceActor%3E+%3Chttp%3A%2F%2Fdbpedia.org%2Fontology%2FCricketer%3E+%3Chttp%3A%2F%2Fdbpedia.org%2Fontology%2FVicar%3E+%3Chttp%3A%2F%2Fdbpedia.org%2Fontology%2FFencer%3E+%3Chttp%3A%2F%2Fdbpedia.org%2Fontology%2FEconomist%3E+%3Chttp%3A%2F%2Fdbpedia.org%2Fontology%2FRower%3E+%3Chttp%3A%2F%2Fdbpedia.org%2Fontology%2FMilitaryPerson%3E+%3Chttp%3A%2F%2Fdbpedia.org%2Fontology%2FVicePresident%3E+%3Chttp%3A%2F%2Fdbpedia.org%2Fontology%2FChessPlayer%3E+%3Chttp%3A%2F%2Fdbpedia.org%2Fontology%2FHandballPlayer%3E+%3Chttp%3A%2F%2Fdbpedia.org%2Fontology%2FBaseballPlayer%3E+%3Chttp%3A%2F%2Fdbpedia.org%2Fontology%2FPainter%3E+%3Chttp%3A%2F%2Fdbpedia.org%2Fontology%2FCleric%3E+%3Chttp%3A%2F%2Fdbpedia.org%2Fontology%2FLatterDaySaint%3E+%3Chttp%3A%2F%2Fdbpedia.org%2Fontology%2FCoach%3E+%3Chttp%3A%2F%2Fdbpedia.org%2Fontology%2FAmateurBoxer%3E+%3Chttp%3A%2F%2Fdbpedia.org%2Fontology%2FComicsCreator%3E+%3Chttp%3A%2F%2Fdbpedia.org%2Fontology%2FPhilosopher%3E+%3Chttp%3A%2F%2Fdbpedia.org%2Fontology%2FCrossCountrySkier%3E+%3Chttp%3A%2F%2Fdbpedia.org%2Fontology%2FDartsPlayer%3E+%3Chttp%3A%2F%2Fdbpedia.org%2Fontology%2FSportsTeamMember%3E+%3Chttp%3A%2F%2Fdbpedia.org%2Fontology%2FTheatreDirector%3E+%3Chttp%3A%2F%2Fdbpedia.org%2Fontology%2FAustralianRulesFootballPlayer%3E+%3Chttp%3A%2F%2Fdbpedia.org%2Fontology%2FSumoWrestler%3E+%3Chttp%3A%2F%2Fdbpedia.org%2Fontology%2FPsychologist%3E+%3Chttp%3A%2F%2Fdbpedia.org%2Fontology%2FBasketballPlayer%3E+%3Chttp%3A%2F%2Fdbpedia.org%2Fontology%2FScreenWriter%3E+%3Chttp%3A%2F%2Fdbpedia.org%2Fontology%2FPlayWright%3E+%3Chttp%3A%2F%2Fdbpedia.org%2Fontology%2FSnookerChamp%3E+%3Chttp%3A%2F%2Fdbpedia.org%2Fontology%2FCriminal%3E+%3Chttp%3A%2F%2Fdbpedia.org%2Fontology%2FVolleyballCoach%3E+%3Chttp%3A%2F%2Fdbpedia.org%2Fontology%2FChristianPatriarch%3E+%3Chttp%3A%2F%2Fdbpedia.org%2Fontology%2FMotocycleRacer%3E+%3Chttp%3A%2F%2Fdbpedia.org%2Fontology%2FSailor%3E+%3Chttp%3A%2F%2Fdbpedia.org%2Fontology%2FSnookerPlayer%3E+%3Chttp%3A%2F%2Fdbpedia.org%2Fontology%2FAstronaut%3E+%3Chttp%3A%2F%2Fdbpedia.org%2Fontology%2FSurfer%3E+%3Chttp%3A%2F%2Fdbpedia.org%2Fontology%2FMusicComposer%3E+%3Chttp%3A%2F%2Fdbpedia.org%2Fontology%2FPlayboyPlaymate%3E+%3Chttp%3A%2F%2Fdbpedia.org%2Fontology%2FPretender%3E+%3Chttp%3A%2F%2Fdbpedia.org%2Fontology%2FSerialKiller%3E+%3Chttp%3A%2F%2Fdbpedia.org%2Fontology%2FJournalist%3E+%3Chttp%3A%2F%2Fdbpedia.org%2Fontology%2FPriest%3E+%3Chttp%3A%2F%2Fdbpedia.org%2Fontology%2FAmericanFootballCoach%3E+%3Chttp%3A%2F%2Fdbpedia.org%2Fontology%2FPerson%3E+%3Chttp%3A%2F%2Fdbpedia.org%2Fontology%2FCardinal%3E+%3Chttp%3A%2F%2Fdbpedia.org%2Fontology%2FTelevisionHost%3E+%3Chttp%3A%2F%2Fdbpedia.org%2Fontology%2FJudge%3E+%3Chttp%3A%2F%2Fdbpedia.org%2Fontology%2FJockey%3E+%3Chttp%3A%2F%2Fdbpedia.org%2Fontology%2FGymnast%3E+%3Chttp%3A%2F%2Fdbpedia.org%2Fontology%2FClassicalMusicArtist%3E+%3Chttp%3A%2F%2Fdbpedia.org%2Fontology%2FNetballPlayer%3E+%3Chttp%3A%2F%2Fdbpedia.org%2Fontology%2FPoet%3E+%3Chttp%3A%2F%2Fdbpedia.org%2Fontology%2FSkier%3E+%3Chttp%3A%2F%2Fdbpedia.org%2Fontology%2FAristocrat%3E+%3Chttp%3A%2F%2Fdbpedia.org%2Fontology%2FSculptor%3E+%3Chttp%3A%2F%2Fdbpedia.org%2Fontology%2FPolitician%3E+%3Chttp%3A%2F%2Fdbpedia.org%2Fontology%2FBiologist%3E+%3Chttp%3A%2F%2Fdbpedia.org%2Fontology%2FBritishRoyalty%3E+%3Chttp%3A%2F%2Fdbpedia.org%2Fontology%2FSoccerManager%3E+%3Chttp%3A%2F%2Fdbpedia.org%2Fontology%2FBiathlete%3E+%3Chttp%3A%2F%2Fdbpedia.org%2Fontology%2FArcheologist%3E+%3Chttp%3A%2F%2Fdbpedia.org%2Fontology%2FMemberOfParliament%3E+%3Chttp%3A%2F%2Fdbpedia.org%2Fontology%2FEntomologist%3E+%3Chttp%3A%2F%2Fdbpedia.org%2Fontology%2FMinister%3E+%3Chttp%3A%2F%2Fdbpedia.org%2Fontology%2FRadioHost%3E+%3Chttp%3A%2F%2Fdbpedia.org%2Fontology%2FBullFighter%3E+%3Chttp%3A%2F%2Fdbpedia.org%2Fontology%2FDBpedian%3E+%3Chttp%3A%2F%2Fdbpedia.org%2Fontology%2FWrestler%3E+%3Chttp%3A%2F%2Fdbpedia.org%2Fontology%2FSinger%3E+%3Chttp%3A%2F%2Fdbpedia.org%2Fontology%2FAdultActor%3E+%3Chttp%3A%2F%2Fdbpedia.org%2Fontology%2FBeachVolleyballPlayer%3E+%3Chttp%3A%2F%2Fdbpedia.org%2Fontology%2FProducer%3E+%3Chttp%3A%2F%2Fdbpedia.org%2Fontology%2FVolleyballPlayer%3E+%3Chttp%3A%2F%2Fdbpedia.org%2Fontology%2FRugbyPlayer%3E+%3Chttp%3A%2F%2Fdbpedia.org%2Fontology%2FWaterPoloPlayer%3E+%3Chttp%3A%2F%2Fdbpedia.org%2Fontology%2FTeamMember%3E+%3Chttp%3A%2F%2Fdbpedia.org%2Fontology%2FMan%3E+%3Chttp%3A%2F%2Fdbpedia.org%2Fontology%2FMemberResistanceMovement%3E+%3Chttp%3A%2F%2Fdbpedia.org%2Fontology%2FArchbishop%3E+%3Chttp%3A%2F%2Fdbpedia.org%2Fontology%2FDTMRacer%3E+%3Chttp%3A%2F%2Fdbpedia.org%2Fontology%2FEngineer%3E+%3Chttp%3A%2F%2Fdbpedia.org%2Fontology%2FFigureSkater%3E+%3Chttp%3A%2F%2Fdbpedia.org%2Fontology%2FAcademic%3E+%3Chttp%3A%2F%2Fdbpedia.org%2Fontology%2FChef%3E+%3Chttp%3A%2F%2Fdbpedia.org%2Fontology%2FTennisPlayer%3E+%3Chttp%3A%2F%2Fdbpedia.org%2Fontology%2FNationalCollegiateAthleticAssociationAthlete%3E+%3Chttp%3A%2F%2Fdbpedia.org%2Fontology%2FBaronet%3E+%3Chttp%3A%2F%2Fdbpedia.org%2Fontology%2FWinterSportPlayer%3E+%3Chttp%3A%2F%2Fdbpedia.org%2Fontology%2FCurler%3E+%3Chttp%3A%2F%2Fdbpedia.org%2Fontology%2FMotorsportRacer%3E+%3Chttp%3A%2F%2Fdbpedia.org%2Fontology%2FCollegeCoach%3E+%3Chttp%3A%2F%2Fdbpedia.org%2Fontology%2FReligious%3E+%3Chttp%3A%2F%2Fdbpedia.org%2Fontology%2FBeautyQueen%3E+%3Chttp%3A%2F%2Fdbpedia.org%2Fontology%2FFashionDesigner%3E+%3Chttp%3A%2F%2Fdbpedia.org%2Fontology%2FFormulaOneRacer%3E+%3Chttp%3A%2F%2Fdbpedia.org%2Fontology%2FYoutuber%3E+%3Chttp%3A%2F%2Fdbpedia.org%2Fontology%2FBodybuilder%3E+%3Chttp%3A%2F%2Fdbpedia.org%2Fontology%2FSoccerPlayer%3E+%3Chttp%3A%2F%2Fdbpedia.org%2Fontology%2FMotorcycleRider%3E+%3Chttp%3A%2F%2Fdbpedia.org%2Fontology%2FSquashPlayer%3E+%3Chttp%3A%2F%2Fdbpedia.org%2Fontology%2FRomanEmperor%3E+%3Chttp%3A%2F%2Fdbpedia.org%2Fontology%2FBadmintonPlayer%3E+%3Chttp%3A%2F%2Fdbpedia.org%2Fontology%2FSpeedwayRider%3E+%3Chttp%3A%2F%2Fdbpedia.org%2Fontology%2FMusicDirector%3E+%3Chttp%3A%2F%2Fdbpedia.org%2Fontology%2FAmericanLeader%3E+%3Chttp%3A%2F%2Fdbpedia.org%2Fontology%2FActor%3E+%3Chttp%3A%2F%2Fdbpedia.org%2Fontology%2FBoxer%3E+%3Chttp%3A%2F%2Fdbpedia.org%2Fontology%2FDancer%3E+%3Chttp%3A%2F%2Fdbpedia.org%2Fontology%2FArtist%3E+%3Chttp%3A%2F%2Fdbpedia.org%2Fontology%2FPilot%3E+%3Chttp%3A%2F%2Fdbpedia.org%2Fontology%2FHorseTrainer%3E+%3Chttp%3A%2F%2Fdbpedia.org%2Fontology%2FWoman%3E+%3Chttp%3A%2F%2Fdbpedia.org%2Fontology%2FSongWriter%3E+%3Chttp%3A%2F%2Fdbpedia.org%2Fontology%2FModel%3E+%3Chttp%3A%2F%2Fdbpedia.org%2Fontology%2FBackScene%3E+%3Chttp%3A%2F%2Fdbpedia.org%2Fontology%2FRoyalty%3E+%3Chttp%3A%2F%2Fdbpedia.org%2Fontology%2FSkater%3E+%3Chttp%3A%2F%2Fdbpedia.org%2Fontology%2FChief%3E+%3Chttp%3A%2F%2Fdbpedia.org%2Fontology%2FVicePrimeMinister%3E+%3Chttp%3A%2F%2Fdbpedia.org%2Fontology%2FPresident%3E+%3Chttp%3A%2F%2Fdbpedia.org%2Fontology%2FMayor%3E+%3Chttp%3A%2F%2Fdbpedia.org%2Fontology%2FPharaoh%3E+%3Chttp%3A%2F%2Fdbpedia.org%2Fontology%2FTelevisionDirector%3E+%3Chttp%3A%2F%2Fdbpedia.org%2Fontology%2FPope%3E+%3Chttp%3A%2F%2Fdbpedia.org%2Fontology%2FPresenter%3E+%3Chttp%3A%2F%2Fdbpedia.org%2Fontology%2FAthleticsPlayer%3E+%3Chttp%3A%2F%2Fdbpedia.org%2Fontology%2FHistorian%3E+%3Chttp%3A%2F%2Fdbpedia.org%2Fontology%2FRacingDriver%3E+%3Chttp%3A%2F%2Fdbpedia.org%2Fontology%2FSki_jumper%3E+%3Chttp%3A%2F%2Fdbpedia.org%2Fontology%2FCongressman%3E+%3Chttp%3A%2F%2Fdbpedia.org%2Fontology%2FHorseRider%3E+%3Chttp%3A%2F%2Fdbpedia.org%2Fontology%2FIceHockeyPlayer%3E+%3Chttp%3A%2F%2Fdbpedia.org%2Fontology%2FCyclist%3E+%3Chttp%3A%2F%2Fdbpedia.org%2Fontology%2FReferee%3E+%3Chttp%3A%2F%2Fdbpedia.org%2Fontology%2FMartialArtist%3E+%3Chttp%3A%2F%2Fdbpedia.org%2Fontology%2FFarmer%3E+%3Chttp%3A%2F%2Fdbpedia.org%2Fontology%2FMurderer%3E+%3Chttp%3A%2F%2Fdbpedia.org%2Fontology%2FLacrossePlayer%3E+%3Chttp%3A%2F%2Fdbpedia.org%2Fontology%2FPrimeMinister%3E+%3Chttp%3A%2F%2Fdbpedia.org%2Fontology%2FInstrumentalist%3E+%3Chttp%3A%2F%2Fdbpedia.org%2Fontology%2FMusicalArtist%3E+%3Chttp%3A%2F%2Fdbpedia.org%2Fontology%2FNascarDriver%3E+%3Chttp%3A%2F%2Fdbpedia.org%2Fontology%2FDeputy%3E+%3Chttp%3A%2F%2Fdbpedia.org%2Fontology%2FArchitect%3E+%3Chttp%3A%2F%2Fdbpedia.org%2Fontology%2FSpy%3E+%3Chttp%3A%2F%2Fdbpedia.org%2Fontology%2FPoliceOfficer%3E+%3Chttp%3A%2F%2Fdbpedia.org%2Fontology%2FRebbe%3E+%3Chttp%3A%2F%2Fdbpedia.org%2Fontology%2FMedician%3E+%3Chttp%3A%2F%2Fdbpedia.org%2Fontology%2FEgyptologist%3E+%3Chttp%3A%2F%2Fdbpedia.org%2Fontology%2FChancellor%3E+%3Chttp%3A%2F%2Fdbpedia.org%2Fontology%2FSenator%3E+%3Chttp%3A%2F%2Fdbpedia.org%2Fontology%2FLieutenant%3E+%3Chttp%3A%2F%2Fdbpedia.org%2Fontology%2FMovieDirector%3E+%3Chttp%3A%2F%2Fdbpedia.org%2Fontology%2FPhotographer%3E+%3Chttp%3A%2F%2Fdbpedia.org%2Fontology%2FGovernor%3E+%3Chttp%3A%2F%2Fdbpedia.org%2Fontology%2FProfessor%3E+%3Chttp%3A%2F%2Fdbpedia.org%2Fontology%2FAmericanFootballPlayer%3E+%3Chttp%3A%2F%2Fdbpedia.org%2Fontology%2FRallyDriver%3E+%3Chttp%3A%2F%2Fdbpedia.org%2Fontology%2FGuitarist%3E+%3Chttp%3A%2F%2Fdbpedia.org%2Fontology%2FWriter%3E+%3Chttp%3A%2F%2Fdbpedia.org%2Fontology%2FTableTennisPlayer%3E+%3Chttp%3A%2F%2Fdbpedia.org%2Fontology%2FCanoeist%3E+%3Chttp%3A%2F%2Fdbpedia.org%2Fontology%2FNoble%3E+%3Chttp%3A%2F%2Fdbpedia.org%2Fontology%2FChristianBishop%3E+%3Chttp%3A%2F%2Fdbpedia.org%2Fontology%2FSwimmer%3E+%3Chttp%3A%2F%2Fdbpedia.org%2Fontology%2FSpeedSkater%3E+%3Chttp%3A%2F%2Fdbpedia.org%2Fontology%2FSaint%3E+%3Chttp%3A%2F%2Fdbpedia.org%2Fontology%2FCanadianFootballPlayer%3E+%3Chttp%3A%2F%2Fdbpedia.org%2Fontology%2FNordicCombined%3E+%3Chttp%3A%2F%2Fdbpedia.org%2Fontology%2FHumorist%3E+%3Chttp%3A%2F%2Fdbpedia.org%2Fontology%2FSportsManager%3E+%3Chttp%3A%2F%2Fdbpedia.org%2Fontology%2FAmbassador%3E+%3Chttp%3A%2F%2Fdbpedia.org%2Fontology%2FBusinessPerson%3E+%3Chttp%3A%2F%2Fdbpedia.org%2Fontology%2FBobsleighAthlete%3E+%3Chttp%3A%2F%2Fdbpedia.org%2Fontology%2FGridironFootballPlayer%3E+%3Chttp%3A%2F%2Fdbpedia.org%2Fontology%2FOfficeHolder%3E+%3Chttp%3A%2F%2Fdbpedia.org%2Fontology%2FMonarch%3E+%3Chttp%3A%2F%2Fdbpedia.org%2Fontology%2FLawyer%3E+%3Chttp%3A%2F%2Fdbpedia.org%2Fontology%2FArcherPlayer%3E+%3Chttp%3A%2F%2Fdbpedia.org%2Fontology%2FPoliticianSpouse%3E+%3Chttp%3A%2F%2Fdbpedia.org%2Fontology%2FPokerPlayer%3E+%3Chttp%3A%2F%2Fdbpedia.org%2Fontology%2FJewishLeader%3E+%3Chttp%3A%2F%2Fdbpedia.org%2Fontology%2FGaelicGamesPlayer%3E+%7D%0A++++++%3Fs+a+%3Fc+.%0A++++%7D%0A++++ORDER+BY+%3Fs%0A++++LIMIT+10000%0A++++&format=json
http://dbpedia.org/ontology/PersonFunction,2,0,10000,1,3,30000,1,ok,
http://dbpedia.org/ontology/Philosopher,0,0,3445,0,1,3445,0,ok,
http://dbpedia.org/ontology/Photographer,0,0,625,0,1,625,0,ok,
http://dbpedia.org/ontology/Place,98,1,10000,6,100,1000000,6,ok,
http://dbpedia.org/ontology/Planet,0,0,4921,0,1,4921,0,ok,
http://dbpedia.org/ontology/Plant,11,0,4492,2,12,53904,2,ok,
http://dbpedia.org/ontology/Play,0,0,4553,0,1,4553,0,ok,
http://dbpedia.org/ontology/PlayboyPlaymate,0,0,968,0,1,968,0,ok,
http://dbpedia.org/ontology/Poem,0,0,2168,0,1,2168,0,ok,
http://dbpedia.org/ontology/Poet,0,0,274,0,1,274,0,ok,
http://dbpedia.org/ontology/PokerPlayer,0,0,807,0,1,807,0,ok,
http://dbpedia.org/ontology/PoliticalFunction,0,0,10000,0,1,10000,0,ok,
http://dbpedia.org/ontology/PoliticalParty,0,0,10000,0,1,10000,0,ok,
http://dbpedia.org/ontology/Politician,15,0,10000,1,16,160000,1,ok,
http://dbpedia.org/ontology/PoloLeague,0,0,60,0,1,60,0,ok,
http://dbpedia.org/ontology/Pope,0,0,403,0,1,403,0,ok,
http://dbpedia.org/ontology/PopulatedPlace,48,0,10000,5,49,490000,5,ok,
http://dbpedia.org/ontology/PowerStation,1,0,9342,1,2,18684,1,ok,
http://dbpedia.org/ontology/Presenter,2,0,749,1,3,2247,1,ok,
http://dbpedia.org/ontology/President,0,0,884,0,1,884,0,ok,
http://dbpedia.org/ontology/Priest,0,0,810,0,1,810,0,ok,
http://dbpedia.org/ontology/PrimeMinister,0,0,553,0,1,553,0,ok,
http://dbpedia.org/ontology/Prison,0,0,2502,0,1,2502,0,ok,
http://dbpedia.org/ontology/ProgrammingLanguage,0,0,1605,0,1,1605,0,ok,
http://dbpedia.org/ontology/ProtectedArea,0,0,10000,0,1,10000,0,ok,
http://dbpedia.org/ontology/Protein,0,0,4568,0,1,4568,0,ok,
http://dbpedia.org/ontology/PublicTransitSystem,2,0,10000,1,3,30000,1,ok,
http://dbpedia.org/ontology/Publisher,0,0,2537,0,1,2537,0,ok,
http://dbpedia.org/ontology/Racecourse,0,0,401,0,1,401,0,ok,
http://dbpedia.org/ontology/RacingDriver,4,0,7616,1,5,38080,1,ok,
http://dbpedia.org/ontology/RadioHost,0,0,495,0,1,495,0,ok,
http://dbpedia.org/ontology/RadioProgram,0,0,3069,0,1,3069,0,ok,
http://dbpedia.org/ontology/RadioStation,0,0,10000,0,1,10000,0,ok,
http://dbpedia.org/ontology/RailwayLine,0,0,10000,0,1,10000,0,ok,
http://dbpedia.org/ontology/RailwayStation,0,0,10000,0,1,10000,0,ok,
http://dbpedia.org/ontology/RailwayTunnel,0,0,595,0,1,595,0,ok,
http://dbpedia.org/ontology/RecordLabel,0,0,6258,0,1,6258,0,ok,
http://dbpedia.org/ontology/Religious,3,0,6664,1,4,26656,1,ok,
http://dbpedia.org/ontology/ReligiousBuilding,6,0,10000,1,7,70000,1,ok,
http://dbpedia.org/ontology/Reptile,0,0,201,0,1,201,0,ok,
http://dbpedia.org/ontology/ResearchProject,0,0,321,0,1,321,0,ok,
http://dbpedia.org/ontology/Restaurant,0,0,5150,0,1,5150,0,ok,
http://dbpedia.org/ontology/River,0,0,10000,0,1,10000,0,ok,
http://dbpedia.org/ontology/Road,0,0,10000,0,1,10000,0,ok,
http://dbpedia.org/ontology/RoadJunction,0,0,315,0,1,315,0,ok,
http://dbpedia.org/ontology/RoadTunnel,0,0,630,0,1,630,0,ok,
http://dbpedia.org/ontology/Rocket,0,0,467,0,1,467,0,ok,
http://dbpedia.org/ontology/RollerCoaster,0,0,935,0,1,935,0,ok,
http://dbpedia.org/ontology/Rower,0,0,355,0,1,355,0,ok,
http://dbpedia.org/ontology/Royalty,4,0,10000,2,5,50000,2,ok,
http://dbpedia.org/ontology/RugbyClub,0,0,2941,0,1,2941,0,ok,
http://dbpedia.org/ontology/RugbyLeague,0,0,1057,0,1,1057,0,ok,
http://dbpedia.org/ontology/RugbyPlayer,0,0,10000,0,1,10000,0,ok,
http://dbpedia.org/ontology/Saint,0,0,5896,0,1,5896,0,ok,
http://dbpedia.org/ontology/Sales,0,0,10000,0,1,10000,0,ok,
http://dbpedia.org/ontology/School,0,0,10000,0,1,10000,0,ok,
http://dbpedia.org/ontology/Scientist,4,0,10000,1,5,50000,1,ok,
http://dbpedia.org/ontology/ScreenWriter,0,0,903,0,1,903,0,ok,
http://dbpedia.org/ontology/Sea,0,0,129,0,1,129,0,ok,
http://dbpedia.org/ontology/Senator,0,0,97,0,1,97,0,ok,
http://dbpedia.org/ontology/Settlement,7,0,10000,2,8,80000,2,ok,
http://dbpedia.org/ontology/Ship,0,0,10000,0,1,10000,0,ok,
http://dbpedia.org/ontology/ShoppingMall,0,0,4590,0,1,4590,0,ok,
http://dbpedia.org/ontology/Single,0,0,10000,0,1,10000,0,ok,
http://dbpedia.org/ontology/SiteOfSpecialScientificInterest,0,0,2423,0,1,2423,0,ok,
http://dbpedia.org/ontology/Skater,0,0,1973,0,1,1973,0,ok,
http://dbpedia.org/ontology/SkiArea,1,0,1092,1,2,2184,1,ok,
http://dbpedia.org/ontology/Skier,0,0,3703,0,1,3703,0,ok,
http://dbpedia.org/ontology/Skyscraper,0,0,3150,0,1,3150,0,ok,
http://dbpedia.org/ontology/SnookerChamp,0,0,50,0,1,50,0,ok,
http://dbpedia.org/ontology/SnookerPlayer,1,0,724,1,2,1448,1,ok,
http://dbpedia.org/ontology/SnookerWorldRanking,0,0,144,0,1,144,0,ok,
http://dbpedia.org/ontology/SoapCharacter,0,0,10000,0,1,10000,0,ok,
http://dbpedia.org/ontology/SoccerClub,1,0,10000,1,2,20000,1,ok,
http://dbpedia.org/ontology/SoccerClubSeason,0,0,10000,0,1,10000,0,ok,
http://dbpedia.org/ontology/SoccerLeague,0,0,3292,0,1,3292,0,ok,
http://dbpedia.org/ontology/SoccerManager,0,0,10000,0,1,10000,0,ok,
http://dbpedia.org/ontology/SoccerPlayer,0,0,10000,0,1,10000,0,ok,
http://dbpedia.org/ontology/SoccerTournament,0,0,10000,0,1,10000,0,ok,
http://dbpedia.org/ontology/SoftballLeague,0,0,59,0,1,59,0,ok,
http://dbpedia.org/ontology/Software,1,0,10000,1,2,20000,1,ok,
http://dbpedia.org/ontology/SolarEclipse,0,0,528,0,1,528,0,ok,
http://dbpedia.org/ontology/Song,1,0,10000,1,2,20000,1,ok,
http://dbpedia.org/ontology/Sound,0,0,10000,0,1,10000,0,ok,
http://dbpedia.org/ontology/SpaceMission,0,0,3896,0,1,3896,0,ok,
http://dbpedia.org/ontology/SpaceShuttle,0,0,14,0,1,14,0,ok,
http://dbpedia.org/ontology/SpaceStation,0,0,43,0,1,43,0,ok,
http://dbpedia.org/ontology/Species,0,0,0,0,1,0,0,error,414 Client Error: Request-URI Too Large for url: https://dbpedia.org/sparql?query=%0A++++SELECT+DISTINCT+%3Fs+WHERE+%7B%0A++++++VALUES+%3Fc+%7B+%3Chttp%3A%2F%2Fdbpedia.org%2Fontology%2FHighDiver%3E+%3Chttp%3A%2F%2Fdbpedia.org%2Fontology%2FOrganisationMember%3E+%3Chttp%3A%2F%2Fdbpedia.org%2Fontology%2FFloweringPlant%3E+%3Chttp%3A%2F%2Fdbpedia.org%2Fontology%2FScientist%3E+%3Chttp%3A%2F%2Fdbpedia.org%2Fontology%2FGolfPlayer%3E+%3Chttp%3A%2F%2Fdbpedia.org%2Fontology%2FComedian%3E+%3Chttp%3A%2F%2Fdbpedia.org%2Fontology%2FLinguist%3E+%3Chttp%3A%2F%2Fdbpedia.org%2Fontology%2FAthlete%3E+%3Chttp%3A%2F%2Fdbpedia.org%2Fontology%2FVoiceActor%3E+%3Chttp%3A%2F%2Fdbpedia.org%2Fontology%2FClubMoss%3E+%3Chttp%3A%2F%2Fdbpedia.org%2Fontology%2FCricketer%3E+%3Chttp%3A%2F%2Fdbpedia.org%2Fontology%2FEukaryote%3E+%3Chttp%3A%2F%2Fdbpedia.org%2Fontology%2FVicar%3E+%3Chttp%3A%2F%2Fdbpedia.org%2Fontology%2FFish%3E+%3Chttp%3A%2F%2Fdbpedia.org%2Fontology%2FFencer%3E+%3Chttp%3A%2F%2Fdbpedia.org%2Fontology%2FEconomist%3E+%3Chttp%3A%2F%2Fdbpedia.org%2Fontology%2FHorse%3E+%3Chttp%3A%2F%2Fdbpedia.org%2Fontology%2FRower%3E+%3Chttp%3A%2F%2Fdbpedia.org%2Fontology%2FMilitaryPerson%3E+%3Chttp%3A%2F%2Fdbpedia.org%2Fontology%2FFungus%3E+%3Chttp%3A%2F%2Fdbpedia.org%2Fontology%2FVicePresident%3E+%3Chttp%3A%2F%2Fdbpedia.org%2Fontology%2FChessPlayer%3E+%3Chttp%3A%2F%2Fdbpedia.org%2Fontology%2FGaelicGamesPlayer%3E+%3Chttp%3A%2F%2Fdbpedia.org%2Fontology%2FHandballPlayer%3E+%3Chttp%3A%2F%2Fdbpedia.org%2Fontology%2FBaseballPlayer%3E+%3Chttp%3A%2F%2Fdbpedia.org%2Fontology%2FGinkgo%3E+%3Chttp%3A%2F%2Fdbpedia.org%2Fontology%2FPainter%3E+%3Chttp%3A%2F%2Fdbpedia.org%2Fontology%2FCleric%3E+%3Chttp%3A%2F%2Fdbpedia.org%2Fontology%2FLatterDaySaint%3E+%3Chttp%3A%2F%2Fdbpedia.org%2Fontology%2FCoach%3E+%3Chttp%3A%2F%2Fdbpedia.org%2Fontology%2FAmateurBoxer%3E+%3Chttp%3A%2F%2Fdbpedia.org%2Fontology%2FSpecies%3E+%3Chttp%3A%2F%2Fdbpedia.org%2Fontology%2FComicsCreator%3E+%3Chttp%3A%2F%2Fdbpedia.org%2Fontology%2FConifer%3E+%3Chttp%3A%2F%2Fdbpedia.org%2Fontology%2FPhilosopher%3E+%3Chttp%3A%2F%2Fdbpedia.org%2Fontology%2FDartsPlayer%3E+%3Chttp%3A%2F%2Fdbpedia.org%2Fontology%2FCrossCountrySkier%3E+%3Chttp%3A%2F%2Fdbpedia.org%2Fontology%2FSportsTeamMember%3E+%3Chttp%3A%2F%2Fdbpedia.org%2Fontology%2FMollusca%3E+%3Chttp%3A%2F%2Fdbpedia.org%2Fontology%2FTheatreDirector%3E+%3Chttp%3A%2F%2Fdbpedia.org%2Fontology%2FAustralianRulesFootballPlayer%3E+%3Chttp%3A%2F%2Fdbpedia.org%2Fontology%2FSumoWrestler%3E+%3Chttp%3A%2F%2Fdbpedia.org%2Fontology%2FPsychologist%3E+%3Chttp%3A%2F%2Fdbpedia.org%2Fontology%2FBasketballPlayer%3E+%3Chttp%3A%2F%2Fdbpedia.org%2Fontology%2FScreenWriter%3E+%3Chttp%3A%2F%2Fdbpedia.org%2Fontology%2FPlayWright%3E+%3Chttp%3A%2F%2Fdbpedia.org%2Fontology%2FSnookerChamp%3E+%3Chttp%3A%2F%2Fdbpedia.org%2Fontology%2FCriminal%3E+%3Chttp%3A%2F%2Fdbpedia.org%2Fontology%2FVolleyballCoach%3E+%3Chttp%3A%2F%2Fdbpedia.org%2Fontology%2FAnimal%3E+%3Chttp%3A%2F%2Fdbpedia.org%2Fontology%2FChristianPatriarch%3E+%3Chttp%3A%2F%2Fdbpedia.org%2Fontology%2FMotocycleRacer%3E+%3Chttp%3A%2F%2Fdbpedia.org%2Fontology%2FBacteria%3E+%3Chttp%3A%2F%2Fdbpedia.org%2Fontology%2FSailor%3E+%3Chttp%3A%2F%2Fdbpedia.org%2Fontology%2FSnookerPlayer%3E+%3Chttp%3A%2F%2Fdbpedia.org%2Fontology%2FAstronaut%3E+%3Chttp%3A%2F%2Fdbpedia.org%2Fontology%2FSurfer%3E+%3Chttp%3A%2F%2Fdbpedia.org%2Fontology%2FMusicComposer%3E+%3Chttp%3A%2F%2Fdbpedia.org%2Fontology%2FPlayboyPlaymate%3E+%3Chttp%3A%2F%2Fdbpedia.org%2Fontology%2FPretender%3E+%3Chttp%3A%2F%2Fdbpedia.org%2Fontology%2FSerialKiller%3E+%3Chttp%3A%2F%2Fdbpedia.org%2Fontology%2FJournalist%3E+%3Chttp%3A%2F%2Fdbpedia.org%2Fontology%2FPriest%3E+%3Chttp%3A%2F%2Fdbpedia.org%2Fontology%2FAmericanFootballCoach%3E+%3Chttp%3A%2F%2Fdbpedia.org%2Fontology%2FPerson%3E+%3Chttp%3A%2F%2Fdbpedia.org%2Fontology%2FCardinal%3E+%3Chttp%3A%2F%2Fdbpedia.org%2Fontology%2FTelevisionHost%3E+%3Chttp%3A%2F%2Fdbpedia.org%2Fontology%2FJudge%3E+%3Chttp%3A%2F%2Fdbpedia.org%2Fontology%2FJockey%3E+%3Chttp%3A%2F%2Fdbpedia.org%2Fontology%2FGymnast%3E+%3Chttp%3A%2F%2Fdbpedia.org%2Fontology%2FClassicalMusicArtist%3E+%3Chttp%3A%2F%2Fdbpedia.org%2Fontology%2FNetballPlayer%3E+%3Chttp%3A%2F%2Fdbpedia.org%2Fontology%2FPoet%3E+%3Chttp%3A%2F%2Fdbpedia.org%2Fontology%2FSkier%3E+%3Chttp%3A%2F%2Fdbpedia.org%2Fontology%2FFern%3E+%3Chttp%3A%2F%2Fdbpedia.org%2Fontology%2FAristocrat%3E+%3Chttp%3A%2F%2Fdbpedia.org%2Fontology%2FPolitician%3E+%3Chttp%3A%2F%2Fdbpedia.org%2Fontology%2FSculptor%3E+%3Chttp%3A%2F%2Fdbpedia.org%2Fontology%2FBiologist%3E+%3Chttp%3A%2F%2Fdbpedia.org%2Fontology%2FBritishRoyalty%3E+%3Chttp%3A%2F%2Fdbpedia.org%2Fontology%2FSoccerManager%3E+%3Chttp%3A%2F%2Fdbpedia.org%2Fontology%2FBiathlete%3E+%3Chttp%3A%2F%2Fdbpedia.org%2Fontology%2FArcheologist%3E+%3Chttp%3A%2F%2Fdbpedia.org%2Fontology%2FMemberOfParliament%3E+%3Chttp%3A%2F%2Fdbpedia.org%2Fontology%2FBird%3E+%3Chttp%3A%2F%2Fdbpedia.org%2Fontology%2FInsect%3E+%3Chttp%3A%2F%2Fdbpedia.org%2Fontology%2FEntomologist%3E+%3Chttp%3A%2F%2Fdbpedia.org%2Fontology%2FMinister%3E+%3Chttp%3A%2F%2Fdbpedia.org%2Fontology%2FMammal%3E+%3Chttp%3A%2F%2Fdbpedia.org%2Fontology%2FRadioHost%3E+%3Chttp%3A%2F%2Fdbpedia.org%2Fontology%2FBullFighter%3E+%3Chttp%3A%2F%2Fdbpedia.org%2Fontology%2FDBpedian%3E+%3Chttp%3A%2F%2Fdbpedia.org%2Fontology%2FWrestler%3E+%3Chttp%3A%2F%2Fdbpedia.org%2Fontology%2FSinger%3E+%3Chttp%3A%2F%2Fdbpedia.org%2Fontology%2FAdultActor%3E+%3Chttp%3A%2F%2Fdbpedia.org%2Fontology%2FBeachVolleyballPlayer%3E+%3Chttp%3A%2F%2Fdbpedia.org%2Fontology%2FProducer%3E+%3Chttp%3A%2F%2Fdbpedia.org%2Fontology%2FVolleyballPlayer%3E+%3Chttp%3A%2F%2Fdbpedia.org%2Fontology%2FRugbyPlayer%3E+%3Chttp%3A%2F%2Fdbpedia.org%2Fontology%2FWaterPoloPlayer%3E+%3Chttp%3A%2F%2Fdbpedia.org%2Fontology%2FTeamMember%3E+%3Chttp%3A%2F%2Fdbpedia.org%2Fontology%2FMan%3E+%3Chttp%3A%2F%2Fdbpedia.org%2Fontology%2FMemberResistanceMovement%3E+%3Chttp%3A%2F%2Fdbpedia.org%2Fontology%2FArchbishop%3E+%3Chttp%3A%2F%2Fdbpedia.org%2Fontology%2FDTMRacer%3E+%3Chttp%3A%2F%2Fdbpedia.org%2Fontology%2FGnetophytes%3E+%3Chttp%3A%2F%2Fdbpedia.org%2Fontology%2FEngineer%3E+%3Chttp%3A%2F%2Fdbpedia.org%2Fontology%2FFigureSkater%3E+%3Chttp%3A%2F%2Fdbpedia.org%2Fontology%2FCat%3E+%3Chttp%3A%2F%2Fdbpedia.org%2Fontology%2FAcademic%3E+%3Chttp%3A%2F%2Fdbpedia.org%2Fontology%2FChef%3E+%3Chttp%3A%2F%2Fdbpedia.org%2Fontology%2FTennisPlayer%3E+%3Chttp%3A%2F%2Fdbpedia.org%2Fontology%2FNationalCollegiateAthleticAssociationAthlete%3E+%3Chttp%3A%2F%2Fdbpedia.org%2Fontology%2FAmphibian%3E+%3Chttp%3A%2F%2Fdbpedia.org%2Fontology%2FWinterSportPlayer%3E+%3Chttp%3A%2F%2Fdbpedia.org%2Fontology%2FBaronet%3E+%3Chttp%3A%2F%2Fdbpedia.org%2Fontology%2FCycad%3E+%3Chttp%3A%2F%2Fdbpedia.org%2Fontology%2FCrustacean%3E+%3Chttp%3A%2F%2Fdbpedia.org%2Fontology%2FCurler%3E+%3Chttp%3A%2F%2Fdbpedia.org%2Fontology%2FMotorsportRacer%3E+%3Chttp%3A%2F%2Fdbpedia.org%2Fontology%2FCollegeCoach%3E+%3Chttp%3A%2F%2Fdbpedia.org%2Fontology%2FReligious%3E+%3Chttp%3A%2F%2Fdbpedia.org%2Fontology%2FBeautyQueen%3E+%3Chttp%3A%2F%2Fdbpedia.org%2Fontology%2FFashionDesigner%3E+%3Chttp%3A%2F%2Fdbpedia.org%2Fontology%2FFormulaOneRacer%3E+%3Chttp%3A%2F%2Fdbpedia.org%2Fontology%2FYoutuber%3E+%3Chttp%3A%2F%2Fdbpedia.org%2Fontology%2FBodybuilder%3E+%3Chttp%3A%2F%2Fdbpedia.org%2Fontology%2FSoccerPlayer%3E+%3Chttp%3A%2F%2Fdbpedia.org%2Fontology%2FMotorcycleRider%3E+%3Chttp%3A%2F%2Fdbpedia.org%2Fontology%2FSquashPlayer%3E+%3Chttp%3A%2F%2Fdbpedia.org%2Fontology%2FRomanEmperor%3E+%3Chttp%3A%2F%2Fdbpedia.org%2Fontology%2FBadmintonPlayer%3E+%3Chttp%3A%2F%2Fdbpedia.org%2Fontology%2FSpeedwayRider%3E+%3Chttp%3A%2F%2Fdbpedia.org%2Fontology%2FMusicDirector%3E+%3Chttp%3A%2F%2Fdbpedia.org%2Fontology%2FAmericanLeader%3E+%3Chttp%3A%2F%2Fdbpedia.org%2Fontology%2FActor%3E+%3Chttp%3A%2F%2Fdbpedia.org%2Fontology%2FBoxer%3E+%3Chttp%3A%2F%2Fdbpedia.org%2Fontology%2FDancer%3E+%3Chttp%3A%2F%2Fdbpedia.org%2Fontology%2FArtist%3E+%3Chttp%3A%2F%2Fdbpedia.org%2Fontology%2FPilot%3E+%3Chttp%3A%2F%2Fdbpedia.org%2Fontology%2FHorseTrainer%3E+%3Chttp%3A%2F%2Fdbpedia.org%2Fontology%2FWoman%3E+%3Chttp%3A%2F%2Fdbpedia.org%2Fontology%2FSongWriter%3E+%3Chttp%3A%2F%2Fdbpedia.org%2Fontology%2FModel%3E+%3Chttp%3A%2F%2Fdbpedia.org%2Fontology%2FBackScene%3E+%3Chttp%3A%2F%2Fdbpedia.org%2Fontology%2FRoyalty%3E+%3Chttp%3A%2F%2Fdbpedia.org%2Fontology%2FSkater%3E+%3Chttp%3A%2F%2Fdbpedia.org%2Fontology%2FGrape%3E+%3Chttp%3A%2F%2Fdbpedia.org%2Fontology%2FChief%3E+%3Chttp%3A%2F%2Fdbpedia.org%2Fontology%2FVicePrimeMinister%3E+%3Chttp%3A%2F%2Fdbpedia.org%2Fontology%2FDog%3E+%3Chttp%3A%2F%2Fdbpedia.org%2Fontology%2FPresident%3E+%3Chttp%3A%2F%2Fdbpedia.org%2Fontology%2FMayor%3E+%3Chttp%3A%2F%2Fdbpedia.org%2Fontology%2FPharaoh%3E+%3Chttp%3A%2F%2Fdbpedia.org%2Fontology%2FTelevisionDirector%3E+%3Chttp%3A%2F%2Fdbpedia.org%2Fontology%2FPope%3E+%3Chttp%3A%2F%2Fdbpedia.org%2Fontology%2FPresenter%3E+%3Chttp%3A%2F%2Fdbpedia.org%2Fontology%2FPlant%3E+%3Chttp%3A%2F%2Fdbpedia.org%2Fontology%2FAthleticsPlayer%3E+%3Chttp%3A%2F%2Fdbpedia.org%2Fontology%2FHistorian%3E+%3Chttp%3A%2F%2Fdbpedia.org%2Fontology%2FRacingDriver%3E+%3Chttp%3A%2F%2Fdbpedia.org%2Fontology%2FSki_jumper%3E+%3Chttp%3A%2F%2Fdbpedia.org%2Fontology%2FCongressman%3E+%3Chttp%3A%2F%2Fdbpedia.org%2Fontology%2FGreenAlga%3E+%3Chttp%3A%2F%2Fdbpedia.org%2Fontology%2FHorseRider%3E+%3Chttp%3A%2F%2Fdbpedia.org%2Fontology%2FArachnid%3E+%3Chttp%3A%2F%2Fdbpedia.org%2Fontology%2FIceHockeyPlayer%3E+%3Chttp%3A%2F%2Fdbpedia.org%2Fontology%2FCyclist%3E+%3Chttp%3A%2F%2Fdbpedia.org%2Fontology%2FReferee%3E+%3Chttp%3A%2F%2Fdbpedia.org%2Fontology%2FMartialArtist%3E+%3Chttp%3A%2F%2Fdbpedia.org%2Fontology%2FFarmer%3E+%3Chttp%3A%2F%2Fdbpedia.org%2Fontology%2FMurderer%3E+%3Chttp%3A%2F%2Fdbpedia.org%2Fontology%2FLacrossePlayer%3E+%3Chttp%3A%2F%2Fdbpedia.org%2Fontology%2FPrimeMinister%3E+%3Chttp%3A%2F%2Fdbpedia.org%2Fontology%2FInstrumentalist%3E+%3Chttp%3A%2F%2Fdbpedia.org%2Fontology%2FMusicalArtist%3E+%3Chttp%3A%2F%2Fdbpedia.org%2Fontology%2FNascarDriver%3E+%3Chttp%3A%2F%2Fdbpedia.org%2Fontology%2FDeputy%3E+%3Chttp%3A%2F%2Fdbpedia.org%2Fontology%2FArchitect%3E+%3Chttp%3A%2F%2Fdbpedia.org%2Fontology%2FSpy%3E+%3Chttp%3A%2F%2Fdbpedia.org%2Fontology%2FPoliceOfficer%3E+%3Chttp%3A%2F%2Fdbpedia.org%2Fontology%2FRebbe%3E+%3Chttp%3A%2F%2Fdbpedia.org%2Fontology%2FMedician%3E+%3Chttp%3A%2F%2Fdbpedia.org%2Fontology%2FEgyptologist%3E+%3Chttp%3A%2F%2Fdbpedia.org%2Fontology%2FChancellor%3E+%3Chttp%3A%2F%2Fdbpedia.org%2Fontology%2FSenator%3E+%3Chttp%3A%2F%2Fdbpedia.org%2Fontology%2FLieutenant%3E+%3Chttp%3A%2F%2Fdbpedia.org%2Fontology%2FCultivatedVariety%3E+%3Chttp%3A%2F%2Fdbpedia.org%2Fontology%2FMovieDirector%3E+%3Chttp%3A%2F%2Fdbpedia.org%2Fontology%2FPhotographer%3E+%3Chttp%3A%2F%2Fdbpedia.org%2Fontology%2FGovernor%3E+%3Chttp%3A%2F%2Fdbpedia.org%2Fontology%2FProfessor%3E+%3Chttp%3A%2F%2Fdbpedia.org%2Fontology%2FAmericanFootballPlayer%3E+%3Chttp%3A%2F%2Fdbpedia.org%2Fontology%2FRallyDriver%3E+%3Chttp%3A%2F%2Fdbpedia.org%2Fontology%2FGuitarist%3E+%3Chttp%3A%2F%2Fdbpedia.org%2Fontology%2FWriter%3E+%3Chttp%3A%2F%2Fdbpedia.org%2Fontology%2FReptile%3E+%3Chttp%3A%2F%2Fdbpedia.org%2Fontology%2FTableTennisPlayer%3E+%3Chttp%3A%2F%2Fdbpedia.org%2Fontology%2FCanoeist%3E+%3Chttp%3A%2F%2Fdbpedia.org%2Fontology%2FNoble%3E+%3Chttp%3A%2F%2Fdbpedia.org%2Fontology%2FArchaea%3E+%3Chttp%3A%2F%2Fdbpedia.org%2Fontology%2FChristianBishop%3E+%3Chttp%3A%2F%2Fdbpedia.org%2Fontology%2FSwimmer%3E+%3Chttp%3A%2F%2Fdbpedia.org%2Fontology%2FSpeedSkater%3E+%3Chttp%3A%2F%2Fdbpedia.org%2Fontology%2FSaint%3E+%3Chttp%3A%2F%2Fdbpedia.org%2Fontology%2FCanadianFootballPlayer%3E+%3Chttp%3A%2F%2Fdbpedia.org%2Fontology%2FNordicCombined%3E+%3Chttp%3A%2F%2Fdbpedia.org%2Fontology%2FHumorist%3E+%3Chttp%3A%2F%2Fdbpedia.org%2Fontology%2FSportsManager%3E+%3Chttp%3A%2F%2Fdbpedia.org%2Fontology%2FAmbassador%3E+%3Chttp%3A%2F%2Fdbpedia.org%2Fontology%2FBusinessPerson%3E+%3Chttp%3A%2F%2Fdbpedia.org%2Fontology%2FBobsleighAthlete%3E+%3Chttp%3A%2F%2Fdbpedia.org%2Fontology%2FGridironFootballPlayer%3E+%3Chttp%3A%2F%2Fdbpedia.org%2Fontology%2FOfficeHolder%3E+%3Chttp%3A%2F%2Fdbpedia.org%2Fontology%2FMonarch%3E+%3Chttp%3A%2F%2Fdbpedia.org%2Fontology%2FLawyer%3E+%3Chttp%3A%2F%2Fdbpedia.org%2Fontology%2FArcherPlayer%3E+%3Chttp%3A%2F%2Fdbpedia.org%2Fontology%2FPoliticianSpouse%3E+%3Chttp%3A%2F%2Fdbpedia.org%2Fontology%2FPokerPlayer%3E+%3Chttp%3A%2F%2Fdbpedia.org%2Fontology%2FJewishLeader%3E+%3Chttp%3A%2F%2Fdbpedia.org%2Fontology%2FMoss%3E+%7D%0A++++++%3Fs+a+%3Fc+.%0A++++%7D%0A++++ORDER+BY+%3Fs%0A++++LIMIT+10000%0A++++&format=json
http://dbpedia.org/ontology/SpeedwayLeague,0,0,60,0,1,60,0,ok,
http://dbpedia.org/ontology/SpeedwayRider,0,0,1657,0,1,1657,0,ok,
http://dbpedia.org/ontology/SpeedwayTeam,0,0,219,0,1,219,0,ok,
http://dbpedia.org/ontology/Sport,2,0,721,1,3,2163,1,ok,
http://dbpedia.org/ontology/SportsEvent,18,0,10000,2,19,190000,2,ok,
http://dbpedia.org/ontology/SportsLeague,30,0,10000,1,31,310000,1,ok,
http://dbpedia.org/ontology/SportsSeason,8,0,10000,3,9,90000,3,ok,
http://dbpedia.org/ontology/SportsTeam,11,0,10000,1,12,120000,1,ok,
http://dbpedia.org/ontology/SportsTeamMember,0,0,10000,0,1,10000,0,ok,
http://dbpedia.org/ontology/SquashPlayer,0,0,945,0,1,945,0,ok,
http://dbpedia.org/ontology/Stadium,0,0,713,0,1,713,0,ok,
http://dbpedia.org/ontology/Star,1,0,5764,1,2,11528,1,ok,
http://dbpedia.org/ontology/Station,4,0,10000,1,5,50000,1,ok,
http://dbpedia.org/ontology/SumoWrestler,0,0,656,0,1,656,0,ok,
http://dbpedia.org/ontology/SupremeCourtOfTheUnitedStatesCase,0,0,4223,0,1,4223,0,ok,
http://dbpedia.org/ontology/Surname,0,0,375,0,1,375,0,ok,
http://dbpedia.org/ontology/Swimmer,0,0,10000,0,1,10000,0,ok,
http://dbpedia.org/ontology/TableTennisPlayer,0,0,911,0,1,911,0,ok,
http://dbpedia.org/ontology/TelevisionEpisode,0,0,10000,0,1,10000,0,ok,
http://dbpedia.org/ontology/TelevisionHost,0,0,104,0,1,104,0,ok,
http://dbpedia.org/ontology/TelevisionSeason,0,0,10000,0,1,10000,0,ok,
http://dbpedia.org/ontology/TelevisionShow,0,0,10000,0,1,10000,0,ok,
http://dbpedia.org/ontology/TelevisionStation,0,0,10000,0,1,10000,0,ok,
http://dbpedia.org/ontology/TennisLeague,0,0,47,0,1,47,0,ok,
http://dbpedia.org/ontology/TennisPlayer,0,0,10000,0,1,10000,0,ok,
http://dbpedia.org/ontology/TennisTournament,0,0,10000,0,1,10000,0,ok,
http://dbpedia.org/ontology/Tenure,0,0,10000,0,1,10000,0,ok,
http://dbpedia.org/ontology/Theatre,0,0,4204,0,1,4204,0,ok,
http://dbpedia.org/ontology/TimePeriod,11,0,10000,2,12,120000,2,ok,
http://dbpedia.org/ontology/TopLevelDomain,0,0,432,0,1,432,0,ok,
http://dbpedia.org/ontology/Town,0,0,10000,0,1,10000,0,ok,
http://dbpedia.org/ontology/TradeUnion,0,0,3676,0,1,3676,0,ok,
http://dbpedia.org/ontology/Train,0,0,2677,0,1,2677,0,ok,
http://dbpedia.org/ontology/Tunnel,0,0,359,0,1,359,0,ok,
http://dbpedia.org/ontology/University,0,0,10000,0,1,10000,0,ok,
http://dbpedia.org/ontology/Vaccine,0,0,156,0,1,156,0,ok,
http://dbpedia.org/ontology/Vein,0,0,260,0,1,260,0,ok,
http://dbpedia.org/ontology/Venue,3,0,10000,1,4,40000,1,ok,
http://dbpedia.org/ontology/VideoGame,0,0,10000,0,1,10000,0,ok,
http://dbpedia.org/ontology/VideogamesLeague,0,0,2,0,1,2,0,ok,
http://dbpedia.org/ontology/Village,0,0,10000,0,1,10000,0,ok,
http://dbpedia.org/ontology/VoiceActor,0,0,524,0,1,524,0,ok,
http://dbpedia.org/ontology/Volcano,0,0,1318,0,1,1318,0,ok,
http://dbpedia.org/ontology/VolleyballCoach,0,0,223,0,1,223,0,ok,
http://dbpedia.org/ontology/VolleyballLeague,0,0,408,0,1,408,0,ok,
http://dbpedia.org/ontology/VolleyballPlayer,1,0,5744,1,2,11488,1,ok,
http://dbpedia.org/ontology/WaterRide,0,0,96,0,1,96,0,ok,
http://dbpedia.org/ontology/WaterwayTunnel,0,0,28,0,1,28,0,ok,
http://dbpedia.org/ontology/Weapon,0,0,8340,0,1,8340,0,ok,
http://dbpedia.org/ontology/Website,0,0,7003,0,1,7003,0,ok,
http://dbpedia.org/ontology/WineRegion,0,0,666,0,1,666,0,ok,
http://dbpedia.org/ontology/Winery,0,0,760,0,1,760,0,ok,
http://dbpedia.org/ontology/WomensTennisAssociationTournament,0,0,2056,0,1,2056,0,ok,
http://dbpedia.org/ontology/WorldHeritageSite,0,0,1074,0,1,1074,0,ok,
http://dbpedia.org/ontology/Wrestler,1,0,5167,1,2,10334,1,ok,
http://dbpedia.org/ontology/WrestlingEvent,0,0,3928,0,1,3928,0,ok,
http://dbpedia.org/ontology/Writer,6,0,10000,1,7,70000,1,ok,
http://dbpedia.org/ontology/WrittenWork,24,0,10000,2,25,250000,2,ok,
http://dbpedia.org/ontology/Year,0,0,2020,0,1,2020,0,ok,
http://dbpedia.org/ontology/YearInSpaceflight,0,0,81,0,1,81,0,ok,
http://www.ontologydesignpatterns.org/ont/d0.owl#Activity,7,1,10000,3,9,90000,3,ok,
http://www.w3.org/1999/02/22-rdf-syntax-ns#Property,0,0,10000,0,1,10000,0,ok,
http://www.w3.org/2002/07/owl#Thing,0,0,0,0,1,0,0,error,414 Client Error: Request-URI Too Large for url: https://dbpedia.org/sparql?query=%0A++++SELECT+DISTINCT+%3Fs+WHERE+%7B%0A++++++VALUES+%3Fc+%7B+%3Chttp%3A%2F%2Fdbpedia.org%2Fontology%2FHighDiver%3E+%3Chttp%3A%2F%2Fdbpedia.org%2Fontology%2FPark%3E+%3Chttp%3A%2F%2Fdbpedia.org%2Fontology%2FLinguist%3E+%3Chttp%3A%2F%2Fdbpedia.org%2Fontology%2FAnimangaCharacter%3E+%3Chttp%3A%2F%2Fdbpedia.org%2Fontology%2FClubMoss%3E+%3Chttp%3A%2F%2Fdbpedia.org%2Fontology%2FGlobularswarm%3E+%3Chttp%3A%2F%2Fdbpedia.org%2Fontology%2FBoardGame%3E+%3Chttp%3A%2F%2Fdbpedia.org%2Fontology%2FCricketer%3E+%3Chttp%3A%2F%2Fdbpedia.org%2Fontology%2FCricketTeam%3E+%3Chttp%3A%2F%2Fdbpedia.org%2Fontology%2FCanton%3E+%3Chttp%3A%2F%2Fdbpedia.org%2Fontology%2FMusicGenre%3E+%3Chttp%3A%2F%2Fdbpedia.org%2Fontology%2FLighthouse%3E+%3Chttp%3A%2F%2Fdbpedia.org%2Fontology%2FWatermill%3E+%3Chttp%3A%2F%2Fdbpedia.org%2Fontology%2FAustralianFootballLeague%3E+%3Chttp%3A%2F%2Fdbpedia.org%2Fontology%2FEconomist%3E+%3Chttp%3A%2F%2Fdbpedia.org%2Fontology%2FHorse%3E+%3Chttp%3A%2F%2Fdbpedia.org%2Fontology%2FMagazine%3E+%3Chttp%3A%2F%2Fdbpedia.org%2Fontology%2FSupremeCourtOfTheUnitedStatesCase%3E+%3Chttp%3A%2F%2Fdbpedia.org%2Fontology%2FArchitecturalStructure%3E+%3Chttp%3A%2F%2Fdbpedia.org%2Fontology%2FRugbyClub%3E+%3Chttp%3A%2F%2Fdbpedia.org%2Fontology%2FUniversity%3E+%3Chttp%3A%2F%2Fdbpedia.org%2Fontology%2FBaseballPlayer%3E+%3Chttp%3A%2F%2Fdbpedia.org%2Fontology%2FGinkgo%3E+%3Chttp%3A%2F%2Fdbpedia.org%2Fontology%2FHotel%3E+%3Chttp%3A%2F%2Fdbpedia.org%2Fontology%2FCoach%3E+%3Chttp%3A%2F%2Fdbpedia.org%2Fontology%2FAmateurBoxer%3E+%3Chttp%3A%2F%2Fdbpedia.org%2Fontology%2FCrossCountrySkier%3E+%3Chttp%3A%2F%2Fdbpedia.org%2Fontology%2FRestArea%3E+%3Chttp%3A%2F%2Fdbpedia.org%2Fontology%2FConifer%3E+%3Chttp%3A%2F%2Fdbpedia.org%2Fontology%2FComicStrip%3E+%3Chttp%3A%2F%2Fdbpedia.org%2Fontology%2FPhilosopher%3E+%3Chttp%3A%2F%2Fdbpedia.org%2Fontology%2FRaceTrack%3E+%3Chttp%3A%2F%2Fdbpedia.org%2Fontology%2FSportsTeamMember%3E+%3Chttp%3A%2F%2Fdbpedia.org%2Fontology%2FManga%3E+%3Chttp%3A%2F%2Fdbpedia.org%2Fontology%2FPoliticalConcept%3E+%3Chttp%3A%2F%2Fdbpedia.org%2Fontology%2FMilitaryUnit%3E+%3Chttp%3A%2F%2Fdbpedia.org%2Fontology%2FPsychologist%3E+%3Chttp%3A%2F%2Fdbpedia.org%2Fontology%2FCanal%3E+%3Chttp%3A%2F%2Fdbpedia.org%2Fontology%2FLocality%3E+%3Chttp%3A%2F%2Fdbpedia.org%2Fontology%2FSoccerLeague%3E+%3Chttp%3A%2F%2Fdbpedia.org%2Fontology%2FGovernmentType%3E+%3Chttp%3A%2F%2Fdbpedia.org%2Fontology%2FAnimal%3E+%3Chttp%3A%2F%2Fdbpedia.org%2Fontology%2FInternationalFootballLeagueEvent%3E+%3Chttp%3A%2F%2Fdbpedia.org%2Fontology%2FSatellite%3E+%3Chttp%3A%2F%2Fdbpedia.org%2Fontology%2FBaseballSeason%3E+%3Chttp%3A%2F%2Fdbpedia.org%2Fontology%2FTelevisionEpisode%3E+%3Chttp%3A%2F%2Fdbpedia.org%2Fontology%2FPretender%3E+%3Chttp%3A%2F%2Fdbpedia.org%2Fontology%2FSerialKiller%3E+%3Chttp%3A%2F%2Fdbpedia.org%2Fontology%2FPriest%3E+%3Chttp%3A%2F%2Fdbpedia.org%2Fontology%2FParish%3E+%3Chttp%3A%2F%2Fdbpedia.org%2Fontology%2FDocument%3E+%3Chttp%3A%2F%2Fdbpedia.org%2Fontology%2FPolitician%3E+%3Chttp%3A%2F%2Fdbpedia.org%2Fontology%2FFlag%3E+%3Chttp%3A%2F%2Fdbpedia.org%2Fontology%2FPolysaccharide%3E+%3Chttp%3A%2F%2Fdbpedia.org%2Fontology%2FUndergroundJournal%3E+%3Chttp%3A%2F%2Fdbpedia.org%2Fontology%2FPokerPlayer%3E+%3Chttp%3A%2F%2Fdbpedia.org%2Fontology%2FRailwayTunnel%3E+%3Chttp%3A%2F%2Fdbpedia.org%2Fontology%2FCanadianFootballTeam%3E+%3Chttp%3A%2F%2Fdbpedia.org%2Fontology%2FMemberOfParliament%3E+%3Chttp%3A%2F%2Fdbpedia.org%2Fontology%2FRiver%3E+%3Chttp%3A%2F%2Fdbpedia.org%2Fontology%2FMinister%3E+%3Chttp%3A%2F%2Fdbpedia.org%2Fontology%2FMammal%3E+%3Chttp%3A%2F%2Fdbpedia.org%2Fontology%2FPublisher%3E+%3Chttp%3A%2F%2Fdbpedia.org%2Fontology%2FMosque%3E+%3Chttp%3A%2F%2Fdbpedia.org%2Fontology%2FWrestler%3E+%3Chttp%3A%2F%2Fdbpedia.org%2Fontology%2FProducer%3E+%3Chttp%3A%2F%2Fdbpedia.org%2Fontology%2FForest%3E+%3Chttp%3A%2F%2Fdbpedia.org%2Fontology%2FNCAATeamSeason%3E+%3Chttp%3A%2F%2Fdbpedia.org%2Fontology%2FInlineHockeyLeague%3E+%3Chttp%3A%2F%2Fdbpedia.org%2Fontology%2FBaseballTeam%3E+%3Chttp%3A%2F%2Fdbpedia.org%2Fontology%2FRadioStation%3E+%3Chttp%3A%2F%2Fdbpedia.org%2Fontology%2FMovingImage%3E+%3Chttp%3A%2F%2Fdbpedia.org%2Fontology%2FTheologicalConcept%3E+%3Chttp%3A%2F%2Fdbpedia.org%2Fontology%2FGnetophytes%3E+%3Chttp%3A%2F%2Fdbpedia.org%2Fontology%2FSportsClub%3E+%3Chttp%3A%2F%2Fdbpedia.org%2Fontology%2FFigureSkater%3E+%3Chttp%3A%2F%2Fdbpedia.org%2Fontology%2FCat%3E+%3Chttp%3A%2F%2Fdbpedia.org%2Fontology%2FAcademic%3E+%3Chttp%3A%2F%2Fdbpedia.org%2Fontology%2FDevice%3E+%3Chttp%3A%2F%2Fdbpedia.org%2Fontology%2FWineRegion%3E+%3Chttp%3A%2F%2Fdbpedia.org%2Fontology%2FChef%3E+%3Chttp%3A%2F%2Fdbpedia.org%2Fontology%2FArtisticGenre%3E+%3Chttp%3A%2F%2Fdbpedia.org%2Fontology%2FNationalCollegiateAthleticAssociationAthlete%3E+%3Chttp%3A%2F%2Fdbpedia.org%2Fontology%2FNaturalEvent%3E+%3Chttp%3A%2F%2Fdbpedia.org%2Fontology%2FAmphibian%3E+%3Chttp%3A%2F%2Fdbpedia.org%2Fontology%2FVillage%3E+%3Chttp%3A%2F%2Fdbpedia.org%2Fontology%2FProtohistoricalPeriod%3E+%3Chttp%3A%2F%2Fdbpedia.org%2Fontology%2FCycad%3E+%3Chttp%3A%2F%2Fdbpedia.org%2Fontology%2FSales%3E+%3Chttp%3A%2F%2Fdbpedia.org%2Fontology%2FValley%3E+%3Chttp%3A%2F%2Fdbpedia.org%2Fontology%2FReligious%3E+%3Chttp%3A%2F%2Fdbpedia.org%2Fontology%2FProvince%3E+%3Chttp%3A%2F%2Fdbpedia.org%2Fontology%2FFictionalCharacter%3E+%3Chttp%3A%2F%2Fdbpedia.org%2Fontology%2FSurname%3E+%3Chttp%3A%2F%2Fdbpedia.org%2Fontology%2FProfession%3E+%3Chttp%3A%2F%2Fdbpedia.org%2Fontology%2FYoutuber%3E+%3Chttp%3A%2F%2Fdbpedia.org%2Fontology%2FBrewery%3E+%3Chttp%3A%2F%2Fdbpedia.org%2Fontology%2FGovernmentAgency%3E+%3Chttp%3A%2F%2Fdbpedia.org%2Fontology%2FSpreadsheet%3E+%3Chttp%3A%2F%2Fdbpedia.org%2Fontology%2FCave%3E+%3Chttp%3A%2F%2Fdbpedia.org%2Fontology%2FSea%3E+%3Chttp%3A%2F%2Fdbpedia.org%2Fontology%2FBodybuilder%3E+%3Chttp%3A%2F%2Fdbpedia.org%2Fontology%2FMotorcycleRider%3E+%3Chttp%3A%2F%2Fdbpedia.org%2Fontology%2FSquashPlayer%3E+%3Chttp%3A%2F%2Fdbpedia.org%2Fontology%2FPoem%3E+%3Chttp%3A%2F%2Fdbpedia.org%2Fontology%2FBroadcaster%3E+%3Chttp%3A%2F%2Fdbpedia.org%2Fontology%2FOlympics%3E+%3Chttp%3A%2F%2Fdbpedia.org%2Fontology%2FArtist%3E+%3Chttp%3A%2F%2Fdbpedia.org%2Fontology%2FHockeyClub%3E+%3Chttp%3A%2F%2Fdbpedia.org%2Fontology%2FCanadianFootballLeague%3E+%3Chttp%3A%2F%2Fdbpedia.org%2Fontology%2FBackScene%3E+%3Chttp%3A%2F%2Fdbpedia.org%2Fontology%2FSocietalEvent%3E+%3Chttp%3A%2F%2Fdbpedia.org%2Fontology%2FCompetition%3E+%3Chttp%3A%2F%2Fdbpedia.org%2Fontology%2FNationalFootballLeagueEvent%3E+%3Chttp%3A%2F%2Fdbpedia.org%2Fontology%2FVicePrimeMinister%3E+%3Chttp%3A%2F%2Fdbpedia.org%2Fontology%2FBloodVessel%3E+%3Chttp%3A%2F%2Fdbpedia.org%2Fontology%2FAircraft%3E+%3Chttp%3A%2F%2Fdbpedia.org%2Fontology%2FFood%3E+%3Chttp%3A%2F%2Fdbpedia.org%2Fontology%2FPharaoh%3E+%3Chttp%3A%2F%2Fdbpedia.org%2Fontology%2FGlacier%3E+%3Chttp%3A%2F%2Fdbpedia.org%2Fontology%2FAlgorithm%3E+%3Chttp%3A%2F%2Fdbpedia.org%2Fontology%2FCardinalDirection%3E+%3Chttp%3A%2F%2Fdbpedia.org%2Fontology%2FHistorian%3E+%3Chttp%3A%2F%2Fdbpedia.org%2Fontology%2FArtwork%3E+%3Chttp%3A%2F%2Fdbpedia.org%2Fontology%2FBone%3E+%3Chttp%3A%2F%2Fdbpedia.org%2Fontology%2FHistoricalSettlement%3E+%3Chttp%3A%2F%2Fdbpedia.org%2Fontology%2FComic%3E+%3Chttp%3A%2F%2Fdbpedia.org%2Fontology%2FArachnid%3E+%3Chttp%3A%2F%2Fdbpedia.org%2Fontology%2FClericalOrder%3E+%3Chttp%3A%2F%2Fdbpedia.org%2Fontology%2FNarutoCharacter%3E+%3Chttp%3A%2F%2Fdbpedia.org%2Fontology%2FOn-SiteTransportation%3E+%3Chttp%3A%2F%2Fdbpedia.org%2Fontology%2FShrine%3E+%3Chttp%3A%2F%2Fdbpedia.org%2Fontology%2FFilmFestival%3E+%3Chttp%3A%2F%2Fdbpedia.org%2Fontology%2FMurderer%3E+%3Chttp%3A%2F%2Fdbpedia.org%2Fontology%2FLacrossePlayer%3E+%3Chttp%3A%2F%2Fdbpedia.org%2Fontology%2FMusical%3E+%3Chttp%3A%2F%2Fdbpedia.org%2Fontology%2FStatedResolution%3E+%3Chttp%3A%2F%2Fdbpedia.org%2Fontology%2FFootballLeagueSeason%3E+%3Chttp%3A%2F%2Fdbpedia.org%2Fontology%2FPlanet%3E+%3Chttp%3A%2F%2Fdbpedia.org%2Fontology%2FSkyscraper%3E+%3Chttp%3A%2F%2Fdbpedia.org%2Fontology%2FSong%3E+%3Chttp%3A%2F%2Fdbpedia.org%2Fontology%2FArea%3E+%3Chttp%3A%2F%2Fdbpedia.org%2Fontology%2FWaterTower%3E+%3Chttp%3A%2F%2Fdbpedia.org%2Fontology%2FCapitalOfRegion%3E+%3Chttp%3A%2F%2Fdbpedia.org%2Fontology%2FGene%3E+%3Chttp%3A%2F%2Fdbpedia.org%2Fontology%2FFormerMunicipality%3E+%3Chttp%3A%2F%2Fdbpedia.org%2Fontology%2FCareerStation%3E+%3Chttp%3A%2F%2Fdbpedia.org%2Fontology%2FIdeology%3E+%3Chttp%3A%2F%2Fdbpedia.org%2Fontology%2FIsland%3E+%3Chttp%3A%2F%2Fdbpedia.org%2Fontology%2FRebbe%3E+%3Chttp%3A%2F%2Fdbpedia.org%2Fontology%2FSportsSeason%3E+%3Chttp%3A%2F%2Fdbpedia.org%2Fontology%2FMilitaryVehicle%3E+%3Chttp%3A%2F%2Fdbpedia.org%2Fontology%2FComicsCharacter%3E+%3Chttp%3A%2F%2Fdbpedia.org%2Fontology%2FContest%3E+%3Chttp%3A%2F%2Fdbpedia.org%2Fontology%2FCultivatedVariety%3E+%3Chttp%3A%2F%2Fdbpedia.org%2Fontology%2FWindmill%3E+%3Chttp%3A%2F%2Fdbpedia.org%2Fontology%2FTreadmill%3E+%3Chttp%3A%2F%2Fdbpedia.org%2Fontology%2FActivity%3E+%3Chttp%3A%2F%2Fdbpedia.org%2Fontology%2FFile%3E+%3Chttp%3A%2F%2Fdbpedia.org%2Fontology%2FPhotographer%3E+%3Chttp%3A%2F%2Fdbpedia.org%2Fontology%2FGuitarist%3E+%3Chttp%3A%2F%2Fdbpedia.org%2Fontology%2FSpaceShuttle%3E+%3Chttp%3A%2F%2Fwww.w3.org%2F2002%2F07%2Fowl%23Thing%3E+%3Chttp%3A%2F%2Fdbpedia.org%2Fontology%2FYear%3E+%3Chttp%3A%2F%2Fdbpedia.org%2Fontology%2FAnatomicalStructure%3E+%3Chttp%3A%2F%2Fdbpedia.org%2Fontology%2FVodka%3E+%3Chttp%3A%2F%2Fdbpedia.org%2Fontology%2FSwarm%3E+%3Chttp%3A%2F%2Fdbpedia.org%2Fontology%2FArtistDiscography%3E+%3Chttp%3A%2F%2Fdbpedia.org%2Fontology%2FPenaltyShootOut%3E+%3Chttp%3A%2F%2Fdbpedia.org%2Fontology%2FZoo%3E+%3Chttp%3A%2F%2Fdbpedia.org%2Fontology%2FLibrary%3E+%3Chttp%3A%2F%2Fdbpedia.org%2Fontology%2FNordicCombined%3E+%3Chttp%3A%2F%2Fdbpedia.org%2Fontology%2FCity%3E+%3Chttp%3A%2F%2Fdbpedia.org%2Fontology%2FVenue%3E+%3Chttp%3A%2F%2Fdbpedia.org%2Fontology%2FHumorist%3E+%3Chttp%3A%2F%2Fdbpedia.org%2Fontology%2FFormulaOneTeam%3E+%3Chttp%3A%2F%2Fdbpedia.org%2Fontology%2FAmbassador%3E+%3Chttp%3A%2F%2Fdbpedia.org%2Fontology%2FMedia%3E+%3Chttp%3A%2F%2Fdbpedia.org%2Fontology%2FTown%3E+%3Chttp%3A%2F%2Fdbpedia.org%2Fontology%2FSingleList%3E+%3Chttp%3A%2F%2Fdbpedia.org%2Fontology%2FPopulation%3E+%3Chttp%3A%2F%2Fdbpedia.org%2Fontology%2FBusinessPerson%3E+%3Chttp%3A%2F%2Fdbpedia.org%2Fontology%2FBobsleighAthlete%3E+%3Chttp%3A%2F%2Fdbpedia.org%2Fontology%2FLawyer%3E+%3Chttp%3A%2F%2Fdbpedia.org%2Fontology%2FEmployer%3E+%3Chttp%3A%2F%2Fdbpedia.org%2Fontology%2FSolarEclipse%3E+%3Chttp%3A%2F%2Fdbpedia.org%2Fontology%2FHistoricalCountry%3E+%3Chttp%3A%2F%2Fdbpedia.org%2Fontology%2FPoliticianSpouse%3E+%3Chttp%3A%2F%2Fdbpedia.org%2Fontology%2FCyclist%3E+%3Chttp%3A%2F%2Fdbpedia.org%2Fontology%2FVaccinationStatistics%3E+%3Chttp%3A%2F%2Fdbpedia.org%2Fontology%2FType%3E+%3Chttp%3A%2F%2Fdbpedia.org%2Fontology%2FSport%3E+%3Chttp%3A%2F%2Fdbpedia.org%2Fontology%2FImage%3E+%3Chttp%3A%2F%2Fdbpedia.org%2Fontology%2FFloweringPlant%3E+%3Chttp%3A%2F%2Fdbpedia.org%2Fontology%2FComedian%3E+%3Chttp%3A%2F%2Fdbpedia.org%2Fontology%2FGrossDomesticProduct%3E+%3Chttp%3A%2F%2Fdbpedia.org%2Fontology%2FTunnel%3E+%3Chttp%3A%2F%2Fdbpedia.org%2Fontology%2FShip%3E+%3Chttp%3A%2F%2Fdbpedia.org%2Fontology%2FFamily%3E+%3Chttp%3A%2F%2Fdbpedia.org%2Fontology%2FMonastery%3E+%3Chttp%3A%2F%2Fdbpedia.org%2Fontology%2FSound%3E+%3Chttp%3A%2F%2Fdbpedia.org%2Fontology%2FInformationAppliance%3E+%3Chttp%3A%2F%2Fdbpedia.org%2Fontology%2FOverseasDepartment%3E+%3Chttp%3A%2F%2Fdbpedia.org%2Fontology%2FTramStation%3E+%3Chttp%3A%2F%2Fdbpedia.org%2Fontology%2FPoliticalParty%3E+%3Chttp%3A%2F%2Fdbpedia.org%2Fontology%2FBridge%3E+%3Chttp%3A%2F%2Fdbpedia.org%2Fontology%2FAmusementParkAttraction%3E+%3Chttp%3A%2F%2Fdbpedia.org%2Fontology%2FOrgan%3E+%3Chttp%3A%2F%2Fdbpedia.org%2Fontology%2FDigitalCamera%3E+%3Chttp%3A%2F%2Fdbpedia.org%2Fontology%2FComicsCreator%3E+%3Chttp%3A%2F%2Fdbpedia.org%2Fontology%2FAmericanFootballTeam%3E+%3Chttp%3A%2F%2Fdbpedia.org%2Fontology%2FNationalAnthem%3E+%3Chttp%3A%2F%2Fdbpedia.org%2Fontology%2FAustralianFootballTeam%3E+%3Chttp%3A%2F%2Fdbpedia.org%2Fontology%2FStarCluster%3E+%3Chttp%3A%2F%2Fdbpedia.org%2Fontology%2FMemorial%3E+%3Chttp%3A%2F%2Fdbpedia.org%2Fontology%2FChristianPatriarch%3E+%3Chttp%3A%2F%2Fdbpedia.org%2Fontology%2FCemetery%3E+%3Chttp%3A%2F%2Fdbpedia.org%2Fontology%2FTimePeriod%3E+%3Chttp%3A%2F%2Fdbpedia.org%2Fontology%2FMonument%3E+%3Chttp%3A%2F%2Fdbpedia.org%2Fontology%2FSkiResort%3E+%3Chttp%3A%2F%2Fdbpedia.org%2Fontology%2FTram%3E+%3Chttp%3A%2F%2Fdbpedia.org%2Fontology%2FPerson%3E+%3Chttp%3A%2F%2Fdbpedia.org%2Fontology%2FArtery%3E+%3Chttp%3A%2F%2Fdbpedia.org%2Fontology%2FTrainCarriage%3E+%3Chttp%3A%2F%2Fdbpedia.org%2Fontology%2FConvention%3E+%3Chttp%3A%2F%2Fdbpedia.org%2Fontology%2FList%3E+%3Chttp%3A%2F%2Fdbpedia.org%2Fontology%2FOpera%3E+%3Chttp%3A%2F%2Fdbpedia.org%2Fontology%2FConveyorSystem%3E+%3Chttp%3A%2F%2Fdbpedia.org%2Fontology%2FConcentrationCamp%3E+%3Chttp%3A%2F%2Fdbpedia.org%2Fontology%2FEmployersOrganisation%3E+%3Chttp%3A%2F%2Fdbpedia.org%2Fontology%2FHockeyTeam%3E+%3Chttp%3A%2F%2Fdbpedia.org%2Fontology%2FClassicalMusicArtist%3E+%3Chttp%3A%2F%2Fdbpedia.org%2Fontology%2FNetballPlayer%3E+%3Chttp%3A%2F%2Fdbpedia.org%2Fontology%2FPoet%3E+%3Chttp%3A%2F%2Fdbpedia.org%2Fontology%2FFern%3E+%3Chttp%3A%2F%2Fdbpedia.org%2Fontology%2FPoloLeague%3E+%3Chttp%3A%2F%2Fdbpedia.org%2Fontology%2FAristocrat%3E+%3Chttp%3A%2F%2Fdbpedia.org%2Fontology%2FCyclingTeam%3E+%3Chttp%3A%2F%2Fdbpedia.org%2Fontology%2FBiologist%3E+%3Chttp%3A%2F%2Fdbpedia.org%2Fontology%2FAdministrativeRegion%3E+%3Chttp%3A%2F%2Fdbpedia.org%2Fontology%2FSoccerManager%3E+%3Chttp%3A%2F%2Fdbpedia.org%2Fontology%2FBiathlete%3E+%3Chttp%3A%2F%2Fdbpedia.org%2Fontology%2FMotorsportSeason%3E+%3Chttp%3A%2F%2Fdbpedia.org%2Fontology%2FSportCompetitionResult%3E+%3Chttp%3A%2F%2Fdbpedia.org%2Fontology%2FInsect%3E+%3Chttp%3A%2F%2Fdbpedia.org%2Fontology%2FEntomologist%3E+%3Chttp%3A%2F%2Fdbpedia.org%2Fontology%2FSynagogue%3E+%3Chttp%3A%2F%2Fdbpedia.org%2Fontology%2FContinent%3E+%3Chttp%3A%2F%2Fdbpedia.org%2Fontology%2FBeachVolleyballPlayer%3E+%3Chttp%3A%2F%2Fdbpedia.org%2Fontology%2FPoliticalFunction%3E+%3Chttp%3A%2F%2Fdbpedia.org%2Fontology%2FCurrency%3E+%3Chttp%3A%2F%2Fdbpedia.org%2Fontology%2FNaturalPlace%3E+%3Chttp%3A%2F%2Fdbpedia.org%2Fontology%2FPort%3E+%3Chttp%3A%2F%2Fdbpedia.org%2Fontology%2FWinery%3E+%3Chttp%3A%2F%2Fdbpedia.org%2Fontology%2FDeanery%3E+%3Chttp%3A%2F%2Fdbpedia.org%2Fontology%2FPainting%3E+%3Chttp%3A%2F%2Fdbpedia.org%2Fontology%2FMixedMartialArtsEvent%3E+%3Chttp%3A%2F%2Fdbpedia.org%2Fontology%2FMouseGeneLocation%3E+%3Chttp%3A%2F%2Fdbpedia.org%2Fontology%2FMan%3E+%3Chttp%3A%2F%2Fdbpedia.org%2Fontology%2FElection%3E+%3Chttp%3A%2F%2Fdbpedia.org%2Fontology%2FNon-ProfitOrganisation%3E+%3Chttp%3A%2F%2Fdbpedia.org%2Fontology%2FCamera%3E+%3Chttp%3A%2F%2Fdbpedia.org%2Fontology%2FCasino%3E+%3Chttp%3A%2F%2Fdbpedia.org%2Fontology%2FPopulatedPlace%3E+%3Chttp%3A%2F%2Fdbpedia.org%2Fontology%2FMemberResistanceMovement%3E+%3Chttp%3A%2F%2Fdbpedia.org%2Fontology%2FCase%3E+%3Chttp%3A%2F%2Fdbpedia.org%2Fontology%2FSnookerPlayer%3E+%3Chttp%3A%2F%2Fdbpedia.org%2Fontology%2FBaronet%3E+%3Chttp%3A%2F%2Fdbpedia.org%2Fontology%2FTradeUnion%3E+%3Chttp%3A%2F%2Fdbpedia.org%2Fontology%2FTelevisionSeason%3E+%3Chttp%3A%2F%2Fdbpedia.org%2Fontology%2FLigament%3E+%3Chttp%3A%2F%2Fdbpedia.org%2Fontology%2FCurler%3E+%3Chttp%3A%2F%2Fdbpedia.org%2Fontology%2FFashionDesigner%3E+%3Chttp%3A%2F%2Fdbpedia.org%2Fontology%2FCape%3E+%3Chttp%3A%2F%2Fdbpedia.org%2Fontology%2FPublicService%3E+%3Chttp%3A%2F%2Fdbpedia.org%2Fontology%2FStation%3E+%3Chttp%3A%2F%2Fdbpedia.org%2Fontology%2FAutoRacingLeague%3E+%3Chttp%3A%2F%2Fdbpedia.org%2Fontology%2FTeamSport%3E+%3Chttp%3A%2F%2Fdbpedia.org%2Fontology%2FMotorcycle%3E+%3Chttp%3A%2F%2Fdbpedia.org%2Fontology%2FCombinationDrug%3E+%3Chttp%3A%2F%2Fdbpedia.org%2Fontology%2FOutbreak%3E+%3Chttp%3A%2F%2Fdbpedia.org%2Fontology%2FPersonalEvent%3E+%3Chttp%3A%2F%2Fdbpedia.org%2Fontology%2FBadmintonPlayer%3E+%3Chttp%3A%2F%2Fdbpedia.org%2Fontology%2FSystemOfLaw%3E+%3Chttp%3A%2F%2Fdbpedia.org%2Fontology%2FMusicDirector%3E+%3Chttp%3A%2F%2Fdbpedia.org%2Fontology%2FRocketEngine%3E+%3Chttp%3A%2F%2Fdbpedia.org%2Fontology%2FBodyOfWater%3E+%3Chttp%3A%2F%2Fdbpedia.org%2Fontology%2FLipid%3E+%3Chttp%3A%2F%2Fdbpedia.org%2Fontology%2FEarthquake%3E+%3Chttp%3A%2F%2Fdbpedia.org%2Fontology%2FTopicalConcept%3E+%3Chttp%3A%2F%2Fdbpedia.org%2Fontology%2FArtificialSatellite%3E+%3Chttp%3A%2F%2Fdbpedia.org%2Fontology%2FStreet%3E+%3Chttp%3A%2F%2Fdbpedia.org%2Fontology%2FLaunchPad%3E+%3Chttp%3A%2F%2Fdbpedia.org%2Fontology%2FLake%3E+%3Chttp%3A%2F%2Fdbpedia.org%2Fontology%2FRoyalty%3E+%3Chttp%3A%2F%2Fdbpedia.org%2Fontology%2FMeanOfTransportation%3E+%3Chttp%3A%2F%2Fdbpedia.org%2Fontology%2FMobilePhone%3E+%3Chttp%3A%2F%2Fdbpedia.org%2Fontology%2FStandard%3E+%3Chttp%3A%2F%2Fdbpedia.org%2Fontology%2FGenre%3E+%3Chttp%3A%2F%2Fdbpedia.org%2Fontology%2FBlazon%3E+%3Chttp%3A%2F%2Fdbpedia.org%2Fontology%2FLanguage%3E+%3Chttp%3A%2F%2Fdbpedia.org%2Fontology%2FDatabase%3E+%3Chttp%3A%2F%2Fdbpedia.org%2Fontology%2FArchive%3E+%3Chttp%3A%2F%2Fdbpedia.org%2Fontology%2FMayor%3E+%3Chttp%3A%2F%2Fdbpedia.org%2Fontology%2FMunicipality%3E+%3Chttp%3A%2F%2Fdbpedia.org%2Fontology%2FTelevisionDirector%3E+%3Chttp%3A%2F%2Fdbpedia.org%2Fontology%2FPresenter%3E+%3Chttp%3A%2F%2Fdbpedia.org%2Fontology%2FPlant%3E+%3Chttp%3A%2F%2Fdbpedia.org%2Fontology%2FRacingDriver%3E+%3Chttp%3A%2F%2Fdbpedia.org%2Fontology%2FClericalAdministrativeRegion%3E+%3Chttp%3A%2F%2Fdbpedia.org%2Fontology%2FCipher%3E+%3Chttp%3A%2F%2Fdbpedia.org%2Fontology%2FRadioProgram%3E+%3Chttp%3A%2F%2Fdbpedia.org%2Fontology%2FMotorRace%3E+%3Chttp%3A%2F%2Fdbpedia.org%2Fontology%2FTournament%3E+%3Chttp%3A%2F%2Fdbpedia.org%2Fontology%2FSoccerTournament%3E+%3Chttp%3A%2F%2Fdbpedia.org%2Fontology%2FReferee%3E+%3Chttp%3A%2F%2Fdbpedia.org%2Fontology%2FSportsTeamSeason%3E+%3Chttp%3A%2F%2Fdbpedia.org%2Fontology%2FEvent%3E+%3Chttp%3A%2F%2Fdbpedia.org%2Fontology%2FPaintballLeague%3E+%3Chttp%3A%2F%2Fdbpedia.org%2Fontology%2FReign%3E+%3Chttp%3A%2F%2Fdbpedia.org%2Fontology%2FBrowser%3E+%3Chttp%3A%2F%2Fdbpedia.org%2Fontology%2FPrefecture%3E+%3Chttp%3A%2F%2Fdbpedia.org%2Fontology%2FGalaxy%3E+%3Chttp%3A%2F%2Fdbpedia.org%2Fontology%2FCurlingLeague%3E+%3Chttp%3A%2F%2Fdbpedia.org%2Fontology%2FDeputy%3E+%3Chttp%3A%2F%2Fdbpedia.org%2Fontology%2FHistoricBuilding%3E+%3Chttp%3A%2F%2Fdbpedia.org%2Fontology%2FGuitar%3E+%3Chttp%3A%2F%2Fdbpedia.org%2Fontology%2FRailwayStation%3E+%3Chttp%3A%2F%2Fdbpedia.org%2Fontology%2FSoapCharacter%3E+%3Chttp%3A%2F%2Fdbpedia.org%2Fontology%2FPublicTransitSystem%3E+%3Chttp%3A%2F%2Fdbpedia.org%2Fontology%2FCyclingLeague%3E+%3Chttp%3A%2F%2Fdbpedia.org%2Fontology%2FTerritory%3E+%3Chttp%3A%2F%2Fdbpedia.org%2Fontology%2FPlay%3E+%3Chttp%3A%2F%2Fdbpedia.org%2Fontology%2FWindMotor%3E+%3Chttp%3A%2F%2Fdbpedia.org%2Fontology%2FChancellor%3E+%3Chttp%3A%2F%2Fdbpedia.org%2Fontology%2FSenator%3E+%3Chttp%3A%2F%2Fdbpedia.org%2Fontology%2FAirport%3E+%3Chttp%3A%2F%2Fdbpedia.org%2Fontology%2FSchool%3E+%3Chttp%3A%2F%2Fdbpedia.org%2Fontology%2FArticle%3E+%3Chttp%3A%2F%2Fdbpedia.org%2Fontology%2FChemicalElement%3E+%3Chttp%3A%2F%2Fdbpedia.org%2Fontology%2FAcademicJournal%3E+%3Chttp%3A%2F%2Fdbpedia.org%2Fontology%2FAmericanFootballLeague%3E+%3Chttp%3A%2F%2Fdbpedia.org%2Fontology%2FHandballLeague%3E+%3Chttp%3A%2F%2Fdbpedia.org%2Fontology%2FMovieDirector%3E+%3Chttp%3A%2F%2Fdbpedia.org%2Fontology%2FSkos%3E+%3Chttp%3A%2F%2Fdbpedia.org%2Fontology%2FFieldHockeyLeague%3E+%3Chttp%3A%2F%2Fdbpedia.org%2Fontology%2FOcean%3E+%3Chttp%3A%2F%2Fdbpedia.org%2Fontology%2FWebsite%3E+%3Chttp%3A%2F%2Fdbpedia.org%2Fontology%2FGovernor%3E+%3Chttp%3A%2F%2Fdbpedia.org%2Fontology%2FBuilding%3E+%3Chttp%3A%2F%2Fdbpedia.org%2Fontology%2FProfessor%3E+%3Chttp%3A%2F%2Fdbpedia.org%2Fontology%2FSoccerClubSeason%3E+%3Chttp%3A%2F%2Fdbpedia.org%2Fontology%2FName%3E+%3Chttp%3A%2F%2Fdbpedia.org%2Fontology%2FPyramid%3E+%3Chttp%3A%2F%2Fdbpedia.org%2Fontology%2FCommunity%3E+%3Chttp%3A%2F%2Fdbpedia.org%2Fontology%2FRadioControlledRacingLeague%3E+%3Chttp%3A%2F%2Fdbpedia.org%2Fontology%2FSquare%3E+%3Chttp%3A%2F%2Fdbpedia.org%2Fontology%2FBeverage%3E+%3Chttp%3A%2F%2Fdbpedia.org%2Fontology%2FRouteStop%3E+%3Chttp%3A%2F%2Fdbpedia.org%2Fontology%2FRace%3E+%3Chttp%3A%2F%2Fdbpedia.org%2Fontology%2FCanadianFootballPlayer%3E+%3Chttp%3A%2F%2Fdbpedia.org%2Fontology%2FRestaurant%3E+%3Chttp%3A%2F%2Fdbpedia.org%2Fontology%2FFileSystem%3E+%3Chttp%3A%2F%2Fdbpedia.org%2Fontology%2FHistoricalEvent%3E+%3Chttp%3A%2F%2Fdbpedia.org%2Fontology%2FHistoricalPeriod%3E+%3Chttp%3A%2F%2Fdbpedia.org%2Fontology%2FRelationship%3E+%3Chttp%3A%2F%2Fdbpedia.org%2Fontology%2FSnookerWorldRanking%3E+%3Chttp%3A%2F%2Fdbpedia.org%2Fontology%2FAcademicSubject%3E+%3Chttp%3A%2F%2Fdbpedia.org%2Fontology%2FLiteraryGenre%3E+%3Chttp%3A%2F%2Fdbpedia.org%2Fontology%2FVideoGame%3E+%3Chttp%3A%2F%2Fdbpedia.org%2Fontology%2FSkiArea%3E+%3Chttp%3A%2F%2Fdbpedia.org%2Fontology%2FComedyGroup%3E+%3Chttp%3A%2F%2Fdbpedia.org%2Fontology%2FOfficeHolder%3E+%3Chttp%3A%2F%2Fdbpedia.org%2Fontology%2FMonarch%3E+%3Chttp%3A%2F%2Fdbpedia.org%2Fontology%2FMine%3E+%3Chttp%3A%2F%2Fdbpedia.org%2Fontology%2FHumanGene%3E+%3Chttp%3A%2F%2Fdbpedia.org%2Fontology%2FLegalCase%3E+%3Chttp%3A%2F%2Fdbpedia.org%2Fontology%2FSpeedwayLeague%3E+%3Chttp%3A%2F%2Fdbpedia.org%2Fontology%2FSambaSchool%3E+%3Chttp%3A%2F%2Fdbpedia.org%2Fontology%2FNationalFootballLeagueSeason%3E+%3Chttp%3A%2F%2Fdbpedia.org%2Fontology%2FBasketballTeam%3E+%3Chttp%3A%2F%2Fdbpedia.org%2Fontology%2FOrganisationMember%3E+%3Chttp%3A%2F%2Fdbpedia.org%2Fontology%2FConstellation%3E+%3Chttp%3A%2F%2Fdbpedia.org%2Fontology%2FBoxingLeague%3E+%3Chttp%3A%2F%2Fdbpedia.org%2Fontology%2FAthlete%3E+%3Chttp%3A%2F%2Fdbpedia.org%2Fontology%2FSpaceStation%3E+%3Chttp%3A%2F%2Fdbpedia.org%2Fontology%2FFootballMatch%3E+%3Chttp%3A%2F%2Fdbpedia.org%2Fontology%2FVicar%3E+%3Chttp%3A%2F%2Fdbpedia.org%2Fontology%2FFish%3E+%3Chttp%3A%2F%2Fdbpedia.org%2Fontology%2FFencer%3E+%3Chttp%3A%2F%2Fdbpedia.org%2Fontology%2FMixedMartialArtsLeague%3E+%3Chttp%3A%2F%2Fdbpedia.org%2Fontology%2FSoftware%3E+%3Chttp%3A%2F%2Fdbpedia.org%2Fontology%2FDecoration%3E+%3Chttp%3A%2F%2Fdbpedia.org%2Fontology%2FReligiousBuilding%3E+%3Chttp%3A%2F%2Fdbpedia.org%2Fontology%2FRower%3E+%3Chttp%3A%2F%2Fdbpedia.org%2Fontology%2FFungus%3E+%3Chttp%3A%2F%2Fdbpedia.org%2Fontology%2FChessPlayer%3E+%3Chttp%3A%2F%2Fdbpedia.org%2Fontology%2FTemple%3E+%3Chttp%3A%2F%2Fdbpedia.org%2Fontology%2FProtectedArea%3E+%3Chttp%3A%2F%2Fdbpedia.org%2Fontology%2FTrain%3E+%7D%0A++++++%3Fs+a+%3Fc+.%0A++++%7D%0A++++ORDER+BY+%3Fs%0A++++LIMIT+10000%0A++++&format=json
http://www.wikidata.org/entity/Q1914636,7,1,10000,3,9,90000,3,ok,
http://www.wikidata.org/entity/Q194189,0,1,10000,1,2,20000,1,ok,
